size_sqft,bedrooms,floors,age,price_1000s
2028,3,2,29,449.4
2596,2,2,33,459.22
1720,2,1,1,448.85
1838,2,1,56,327.82
1723,3,1,26,349.09
1724,2,1,12,413.95
1927,3,1,28,389.74
2212,5,1,83,355.91
1711,3,2,8,451.87
1568,1,1,41,293.04
2841,5,2,23,523.76
1927,2,2,46,331.53
2029,4,2,56,369.22
2252,4,1,14,460.76
2554,2,1,18,491.09
1695,4,2,14,429.17
2667,3,2,4,613.85
1266,3,2,9,371.28
1864,2,2,24,391.47
3506,3,1,21,612.52
1397,3,1,34,323.54
2759,1,2,22,458.38
2710,3,2,5,635.8
956,2,2,13,297.13
2831,5,1,19,555.67
1067,3,1,34,267.09
2715,4,1,2,652.98
1418,3,1,15,379.21
2299,1,1,17,424.3
2672,2,2,4,601.95
2379,3,1,7,552.64
1433,3,1,27,346.81
1306,2,1,9,371.44
2067,2,1,35,379.53
646,1,2,50,171.93
2397,3,2,20,499.42
1867,2,1,15,424.58
2506,3,2,100,402.16
2287,5,1,41,420.11
2463,3,1,26,421.23
1141,2,1,8,329.0
2502,2,1,0,588.88
2147,3,1,17,450.16
1621,2,1,51,302.53
1523,5,1,6,440.8
987,2,2,55,225.3
2960,5,2,3,702.45
2453,3,1,4,572.07
3093,3,2,30,526.52
1854,5,3,8,518.9
528,5,1,7,282.33
2744,1,2,32,460.02
963,3,2,24,264.67
2010,3,1,35,365.3
2623,3,3,77,409.13
2958,3,2,11,581.1
2951,2,1,58,449.5
1839,2,1,23,372.48
2030,5,1,49,378.29
3466,5,3,6,754.55
2174,3,2,1,554.61
1360,3,1,0,433.75
3171,2,2,37,513.89
1645,3,2,11,446.5
2214,4,1,23,450.3
1949,3,3,32,381.63
2480,4,2,44,437.17
1859,4,1,10,453.5
3123,2,1,15,598.99
1595,5,2,33,378.46
2570,2,1,4,546.78
2102,4,1,26,471.49
2202,3,2,8,532.39
643,2,3,49,216.51
2002,4,2,40,421.39
1712,1,1,49,310.51
1699,5,2,23,423.1
1643,3,2,3,466.65
1190,4,2,1,409.78
2882,5,2,9,654.3
1079,3,1,100,263.93
2557,4,2,0,642.27
1574,1,2,61,280.39
1876,3,1,57,326.19
1676,5,1,26,385.64
1665,1,2,22,337.07
1028,3,1,13,324.43
1675,2,1,23,344.25
1622,4,2,4,493.27
2024,5,2,24,419.68
1801,2,3,11,464.25
2668,4,1,10,550.72
1423,3,1,15,393.58
1559,4,2,8,465.57
2313,3,1,8,517.11
2704,2,2,47,451.76
1672,1,1,5,407.64
2408,4,1,3,583.08
740,2,3,10,333.28
1981,4,1,1,560.38
2176,3,1,0,561.82
2076,4,2,28,449.09
2334,4,1,26,481.92
2131,5,2,17,479.94
2299,3,1,3,544.06
1693,4,1,23,382.69
1005,2,2,9,295.25
2688,3,3,12,561.36
2729,3,1,34,472.06
1443,3,2,6,445.01
2171,2,2,59,388.87
1654,2,1,26,372.65
2545,2,2,10,538.5
1850,3,1,7,449.13
1409,4,2,6,411.35
2811,5,3,50,464.34
1847,2,2,29,380.17
1333,4,1,0,453.47
2580,3,2,32,447.42
3086,5,1,0,729.69
2267,1,1,29,424.31
2996,5,1,10,643.5
1413,2,1,42,287.76
1365,2,2,30,319.08
2381,2,1,43,378.43
2915,5,1,0,734.0
3071,3,2,7,636.85
1494,4,1,13,394.1
872,1,1,9,297.67
1868,3,1,35,335.91
1770,1,2,100,294.78
2975,1,1,33,464.93
1552,3,2,10,410.02
2568,3,1,35,430.1
1970,4,1,7,484.37
2614,3,1,38,419.93
2045,1,1,3,473.95
1050,2,1,39,268.7
2915,3,2,47,463.64
1860,4,1,41,365.02
2597,3,2,7,564.1
1989,5,1,27,428.88
2265,1,2,3,473.21
2128,3,2,7,527.73
1903,4,1,100,354.6
2592,3,1,16,516.84
1459,3,1,70,252.4
1794,3,2,12,441.29
1506,5,1,5,486.61
1701,4,1,19,371.86
3423,1,2,5,648.91
3004,2,3,2,704.28
3118,3,1,14,577.47
2081,2,1,2,502.75
2375,2,1,3,491.08
3130,4,3,51,467.54
1726,5,1,100,317.06
1975,3,2,5,482.85
2141,4,1,11,484.15
2289,3,2,64,368.4
1838,1,3,8,481.04
1259,4,3,2,440.28
2180,3,2,10,482.22
2472,5,2,19,535.65
1617,3,1,18,430.43
1818,1,1,12,410.27
2456,4,2,25,460.11
1464,4,2,12,414.21
2065,4,2,25,442.6
1979,5,1,16,467.36
1130,3,1,13,336.87
994,3,2,12,325.47
1842,2,1,11,378.75
1539,5,1,0,442.41
1523,3,3,21,389.0
2464,3,2,26,426.02
2065,3,1,4,490.91
2158,2,1,32,387.62
1547,2,2,100,274.15
500,1,1,9,220.35
3185,2,2,2,671.45
3087,5,1,38,555.35
2566,4,1,60,428.74
1611,4,1,4,471.23
2836,4,2,44,475.34
1317,2,1,87,246.48
1228,2,1,2,335.4
1448,2,2,23,359.52
1822,2,2,9,444.63
3115,3,2,23,559.58
2345,3,2,63,411.89
2629,2,2,2,561.22
2272,3,1,1,559.82
869,4,2,25,301.88
2218,3,1,14,479.49
3672,3,1,5,749.98
1818,4,1,24,395.91
2681,5,2,1,662.7
2092,1,2,49,379.43
2874,3,1,5,636.32
1388,2,1,19,355.44
1970,1,1,32,349.72
2185,3,1,23,435.6
2308,4,2,68,366.16
1439,2,1,6,397.89
2092,3,1,95,321.32
2301,2,3,65,384.71
2414,3,1,13,538.32
2841,5,1,16,569.39
2325,4,1,13,511.13
2254,4,1,14,471.59
1403,4,2,33,341.89
1611,2,1,30,312.85
2048,2,2,0,511.69
2490,2,2,5,544.69
2932,4,2,17,616.3
1584,3,1,13,399.0
1273,5,1,18,363.64
1995,4,1,28,410.35
794,3,2,100,244.12
2902,2,2,20,507.64
2736,2,1,18,518.81
1121,1,3,2,392.29
1800,1,2,32,343.28
528,3,2,0,348.58
2622,3,2,5,601.18
1652,2,2,76,290.68
1911,1,1,5,478.41
964,5,1,18,321.58
1974,2,1,9,437.22
1779,2,1,20,370.98
2809,3,1,1,619.58
2342,5,3,6,595.31
1850,2,1,26,388.94
1115,1,1,4,345.93
1931,2,2,25,418.06
1988,2,1,21,427.63
1977,2,1,6,463.75
2808,3,2,14,574.59
1664,4,1,11,459.04
635,3,3,14,262.51
1746,3,2,8,470.72
500,4,2,49,230.32
1650,5,1,7,484.83
1805,3,1,17,419.1
2576,3,2,19,526.79
2605,2,2,2,609.68
1559,2,1,34,304.58
1576,4,3,8,507.8
1695,4,2,13,433.18
1450,5,1,16,423.54
3803,3,1,10,716.23
2048,2,1,6,480.14
1192,2,2,6,384.72
2307,3,2,41,417.66
1723,2,2,21,375.84
2241,4,2,54,391.56
3044,3,1,2,649.66
2615,2,1,30,437.9
1452,2,1,15,340.86
2093,2,2,5,482.99
2439,2,2,19,475.86
1510,2,3,22,312.15
2905,4,2,22,529.09
1447,3,1,4,417.91
2918,3,1,15,518.76
1163,5,1,21,368.97
2126,1,1,28,388.68
2526,3,3,26,488.53
1154,3,2,4,406.94
2328,1,1,39,412.12
2121,1,1,44,335.8
2172,2,2,27,397.55
1518,2,3,31,316.63
1274,5,1,4,426.86
2240,2,1,17,487.68
2220,3,3,20,464.12
2751,3,2,1,664.58
2048,2,1,2,494.21
2007,1,1,47,352.95
1649,4,2,20,398.9
1568,2,2,100,251.48
1213,4,2,27,322.55
1202,3,1,30,299.06
1291,3,1,31,309.13
2805,3,1,79,417.42
1777,5,1,4,511.11
1062,3,3,15,381.04
1807,2,2,71,310.49
2730,2,1,60,413.39
1826,5,2,43,390.81
2091,5,2,17,494.82
1878,2,1,30,370.47
1338,2,1,2,396.75
1597,2,1,43,296.17
2021,4,1,16,455.87
2250,4,1,19,499.82
1817,3,1,15,429.98
2405,4,2,26,486.88
2229,3,2,34,381.34
2109,2,1,46,350.05
983,3,1,0,383.5
2145,1,1,18,398.07
2236,1,1,20,411.21
2418,1,1,20,463.24
1168,2,1,14,332.35
1223,2,1,16,337.82
1214,2,1,3,390.74
2208,4,1,64,381.5
2159,4,1,32,406.35
3094,2,2,5,640.05
2148,2,1,10,432.85
1477,5,1,1,485.62
3203,3,1,1,722.95
1689,3,1,32,321.25
1745,2,2,43,344.48
1730,2,2,25,378.0
2680,1,3,7,559.5
1532,4,1,17,378.45
2095,1,2,1,549.64
1897,5,1,3,500.06
1949,4,1,23,452.0
2365,4,2,2,625.71
2859,3,1,29,489.71
1458,3,2,4,426.27
1324,4,1,6,418.45
2097,2,1,77,318.67
2117,3,2,30,460.14
2580,3,3,31,491.64
1850,2,1,41,329.72
787,3,1,40,237.89
2619,3,1,0,610.28
703,3,2,0,314.19
1820,3,2,9,512.48
1636,1,1,55,299.69
1481,4,1,13,400.88
1525,3,1,9,418.82
853,4,1,9,381.23
1765,5,1,4,503.82
1537,2,2,14,392.21
1784,5,1,3,523.46
2989,2,1,0,645.3
2570,4,1,0,580.6
1823,1,1,33,326.88
2690,5,2,18,569.81
1413,2,1,8,382.72
2474,2,2,35,396.26
2600,5,1,52,427.23
1190,4,1,38,336.83
2484,4,1,24,457.14
2371,2,1,16,474.25
2788,3,1,33,460.2
1995,1,1,29,350.25
2290,4,1,16,480.36
1377,3,1,7,373.89
2540,3,1,100,359.28
1786,2,2,18,373.82
1395,4,2,6,413.93
1759,3,2,28,368.24
3029,3,1,31,554.43
2281,2,2,39,382.65
1815,4,1,12,442.43
1930,3,1,8,484.58
2330,2,2,100,380.9
1250,1,1,12,337.07
1740,2,1,17,361.84
1450,5,2,17,432.44
2009,3,1,7,519.33
2477,1,2,35,448.57
2903,2,2,2,606.95
2831,3,3,10,585.8
2979,3,1,26,513.52
2026,3,1,9,463.51
2116,4,1,2,538.97
2361,3,3,4,572.98
1828,3,2,34,378.6
1424,4,2,0,490.15
1729,3,1,23,387.11
2711,2,2,2,615.19
2864,2,1,9,596.88
1950,3,1,0,505.77
1764,1,2,8,477.01
2650,3,3,10,567.2
2064,3,1,8,475.4
2749,2,1,6,523.28
1366,1,1,18,332.92
3926,4,1,5,797.6
2196,3,2,3,568.53
2566,3,1,0,615.52
2454,3,1,19,480.61
2530,5,1,14,559.49
1812,3,3,6,504.35
2454,2,2,24,449.44
1994,3,2,18,434.33
1379,4,2,1,458.97
2323,3,2,95,377.16
2394,2,2,28,455.14
1435,2,1,44,307.72
2364,3,1,29,448.25
1797,4,2,6,501.73
2043,3,1,24,388.2
3010,4,1,1,706.8
2228,2,1,0,531.48
2115,2,1,17,422.81
2632,3,1,7,560.06
1208,2,2,10,364.01
2877,3,2,10,587.97
2513,1,2,18,440.78
1672,2,2,2,480.7
2475,2,2,66,369.58
1902,1,1,15,388.21
1083,1,2,3,360.76
2857,2,2,5,607.93
1601,2,2,0,482.08
2251,3,1,22,452.39
2770,3,2,40,451.75
2164,5,1,7,554.77
1005,1,2,11,315.02
1904,3,2,7,489.86
2127,4,2,98,379.47
2499,3,1,46,405.33
877,4,1,13,299.14
1563,3,2,6,450.69
2341,1,2,25,436.2
1966,4,2,2,530.44
2232,4,1,20,482.36
2483,3,2,17,466.89
2187,1,2,17,456.05
1073,3,2,1,387.25
612,2,2,4,292.22
1422,3,1,14,382.38
2662,2,2,4,613.93
1870,3,2,2,526.06
2201,4,1,18,472.42
2091,3,2,9,498.88
1039,2,3,9,366.15
2130,2,2,1,498.26
2315,5,2,19,531.16
1756,2,1,6,447.86
2774,2,2,13,571.77
2352,4,2,5,545.65
1870,4,1,16,455.8
1271,5,1,8,398.58
1741,4,2,11,480.81
1333,2,2,4,375.89
1313,5,1,4,424.74
1169,1,2,12,360.42
2060,1,2,15,411.77
2259,4,1,3,580.07
915,5,1,61,259.71
1415,5,1,72,350.92
2708,4,1,44,448.77
1635,3,2,5,433.82
2829,2,2,51,427.2
2911,5,1,23,562.75
997,2,1,28,274.88
2449,5,1,1,644.72
2992,5,1,13,609.52
2727,3,2,13,551.42
1183,1,2,16,316.64
2207,3,1,13,470.06
1790,2,2,4,480.96
2078,1,1,22,392.98
2292,2,2,0,590.37
1948,3,1,11,473.49
1209,4,1,8,380.0
1854,3,1,6,475.29
1571,3,1,0,455.12
1553,1,1,18,365.95
1452,2,1,55,258.37
1843,2,2,92,322.96
2141,3,2,7,522.04
1898,3,1,5,466.03
1809,2,3,24,386.25
2478,3,1,36,445.03
1998,4,1,38,399.44
2597,2,3,40,432.99
2686,4,2,40,457.31
1848,3,1,2,476.61
2944,2,1,19,543.34
2605,3,1,2,595.0
1971,3,2,32,374.79
2402,2,3,42,380.76
1979,3,2,10,469.69
1469,4,2,44,302.43
1667,2,2,17,412.48
1920,3,2,28,392.24
2205,3,2,53,392.5
2100,3,2,8,499.42
1313,3,2,53,362.07
1644,2,1,1,456.54
2263,3,2,0,594.75
2367,3,2,1,621.7
1607,3,1,0,466.08
2122,3,2,22,455.62
3521,5,1,53,553.41
1914,3,1,1,531.18
1613,1,1,38,263.74
3011,5,2,12,673.26
2232,4,3,44,416.68
1308,4,1,15,357.95
1668,2,1,19,386.4
2354,5,3,47,427.44
2457,3,1,34,445.68
1550,3,1,39,339.78
2258,3,1,45,373.21
1426,2,1,47,302.4
853,3,1,100,180.85
2093,4,1,25,430.89
2909,3,1,3,643.45
2732,5,2,47,494.92
1924,4,2,8,512.42
1647,4,1,37,343.47
1530,4,1,60,296.96
2937,4,2,30,526.04
1539,3,1,59,279.7
1774,3,1,1,507.04
2403,1,1,8,528.52
1772,3,1,100,317.05
2215,4,1,13,530.56
1939,3,1,4,478.3
1399,3,3,29,314.88
2109,2,1,33,368.81
1609,4,1,4,454.42
1200,3,3,83,272.63
2170,3,3,4,528.72
2684,5,2,24,527.56
865,3,2,37,268.7
1234,2,2,13,359.04
2194,4,1,8,485.84
2193,2,2,4,556.62
1958,2,2,31,394.52
2312,2,1,11,490.12
2146,2,1,12,456.1
3085,1,1,5,589.77
1427,3,2,37,329.12
2777,4,3,24,506.71
2905,2,2,44,497.53
2351,5,1,73,401.31
2816,2,1,27,448.55
2383,3,1,11,517.14
1801,5,1,3,515.42
1509,3,2,17,406.0
1732,5,3,7,532.76
2457,3,2,7,559.94
2849,3,1,7,623.62
2186,2,2,4,506.7
3025,4,2,2,650.52
2652,3,1,8,566.41
1796,3,1,3,457.3
1302,5,2,29,359.88
1770,4,1,4,494.01
955,4,1,19,306.5
2550,4,1,9,569.53
1909,5,1,14,477.19
1346,4,2,1,417.73
2024,5,2,17,516.89
1936,3,2,17,418.16
2350,5,1,21,483.49
1763,4,1,89,340.3
2489,5,1,2,618.02
2055,3,1,54,398.85
2089,2,2,22,422.86
1193,1,2,100,232.26
616,5,1,7,303.22
2485,4,2,50,414.29
2528,2,1,2,542.37
1903,3,2,5,473.54
1817,4,2,72,308.37
674,2,1,3,307.21
2575,4,1,1,604.77
1697,3,2,16,443.52
3383,4,1,3,730.87
1938,1,3,4,490.28
2334,4,1,7,520.69
1635,2,1,22,370.84
1676,3,1,27,372.49
2290,3,1,100,360.31
1895,3,2,7,487.56
2083,1,1,25,415.82
1086,2,1,26,275.06
2080,4,1,76,341.13
2193,2,2,9,474.73
1626,3,2,26,374.35
2249,3,3,13,504.87
1336,5,2,5,445.58
2089,5,2,20,462.71
1371,2,1,58,260.93
1303,3,3,39,350.2
1310,3,2,10,386.87
2744,3,2,28,524.07
1843,2,1,24,346.53
1744,1,1,12,381.67
2041,2,2,39,346.36
2599,2,2,33,445.5
1881,2,1,14,427.77
2048,5,2,37,411.95
1919,2,1,3,503.68
2325,3,1,30,428.37
1013,1,2,34,274.42
2172,1,1,6,472.25
2145,1,1,10,471.75
1855,2,2,2,462.16
2056,2,2,0,527.38
1917,3,1,0,523.12
2394,2,1,32,423.09
2797,4,1,3,610.99
2280,2,2,4,570.72
2008,4,1,7,495.83
1280,3,1,4,438.6
1979,2,1,6,504.81
2677,3,1,7,561.92
2168,3,1,4,546.18
1391,3,1,3,389.11
3004,3,2,1,670.95
2418,3,2,69,333.86
2632,4,2,1,626.68
2509,3,1,17,496.92
1613,4,1,13,417.47
2262,4,1,2,570.25
1593,3,2,2,453.91
1878,2,3,19,390.38
1367,2,1,0,388.46
2546,4,2,53,424.72
2171,4,2,8,521.1
2458,3,1,0,585.9
2032,3,1,8,421.87
3006,2,2,4,656.86
1770,3,1,29,370.1
3239,2,2,47,515.48
1369,1,2,18,334.32
2142,4,1,50,412.73
2273,4,1,7,514.36
1914,4,1,15,435.56
2305,2,3,12,519.87
1780,4,1,1,482.68
1793,1,2,15,394.14
1702,5,1,46,322.74
1540,3,1,63,293.33
1702,3,1,10,460.89
2416,2,1,20,459.44
2135,2,1,4,489.15
1738,2,1,9,403.28
1513,4,2,39,296.27
1736,4,2,14,439.19
2023,1,2,42,328.21
1124,4,2,6,396.5
2915,1,2,6,615.83
2474,4,2,1,603.5
1915,3,1,19,387.71
2636,3,1,54,419.44
2530,3,1,34,444.79
1264,2,1,11,389.33
2201,2,1,6,500.06
1029,2,1,17,327.38
2197,3,2,5,542.19
2050,4,2,24,424.21
2981,3,1,6,618.69
2237,4,2,12,513.01
1376,2,2,15,359.38
1466,2,2,1,446.5
2093,2,2,7,486.15
1080,2,1,40,238.04
892,2,2,30,248.83
2197,3,2,17,478.12
1808,3,1,100,272.33
2028,3,1,11,456.96
1284,3,2,26,307.19
2706,1,1,10,528.16
3048,2,1,4,615.99
2531,3,1,7,541.78
2222,5,2,17,509.96
1540,3,2,2,475.75
1835,4,1,26,389.3
2268,4,2,1,559.38
2262,5,1,8,539.91
2431,2,2,26,429.9
2275,4,1,19,465.81
1182,3,2,13,383.13
1510,2,3,18,378.56
2291,3,2,17,471.86
1691,4,2,43,335.96
3228,1,1,17,565.83
2123,2,2,21,429.48
2084,3,2,49,368.04
2720,4,2,31,529.97
1767,2,1,7,434.69
1733,1,2,75,266.72
1647,4,2,1,517.37
1942,4,2,36,390.81
2960,3,3,18,586.07
1941,2,2,17,427.5
2002,4,3,0,530.48
2654,2,1,18,510.37
1915,1,3,4,493.77
1688,2,2,54,285.54
1099,3,2,17,341.69
2818,3,1,28,523.19
1981,3,2,3,514.19
1596,1,1,41,279.57
787,2,2,35,267.59
2496,3,2,6,563.34
2820,5,1,10,645.15
1920,2,2,24,388.37
2684,1,2,33,446.42
1000,5,3,59,283.76
2460,2,3,30,470.78
1365,2,1,7,399.44
1519,4,1,7,412.3
2640,5,1,40,442.84
568,4,3,10,323.98
2799,3,3,29,499.13
1889,2,1,30,356.83
1606,1,2,21,374.51
2943,2,3,21,545.88
1475,4,1,43,317.77
1529,5,1,35,363.13
2528,3,3,10,551.78
2026,5,3,8,532.69
1609,3,1,41,284.46
2115,3,1,2,552.33
2083,2,1,21,395.52
1789,2,1,25,380.13
664,2,3,16,280.93
1492,4,1,16,389.99
969,1,1,40,258.77
2091,5,1,12,516.06
2566,1,2,0,617.26
2026,3,3,10,492.0
1181,3,2,31,282.46
2452,4,2,40,441.42
3047,2,2,28,521.62
558,4,3,13,319.89
1794,3,2,2,487.64
1055,3,2,20,321.49
2092,3,3,7,521.31
2771,4,1,9,574.74
2228,3,1,28,447.84
2764,2,1,28,461.74
1370,2,2,56,290.26
1986,4,1,29,425.93
2606,2,1,9,541.85
2598,3,1,0,603.84
1679,2,2,10,377.72
3121,3,1,12,629.95
1950,2,2,10,418.79
1318,3,2,7,380.61
2379,3,1,32,409.9
1670,2,1,16,372.05
1622,1,2,0,455.27
1507,3,2,2,489.99
1296,4,1,94,270.77
2464,4,1,8,541.55
1933,4,1,20,426.42
2777,4,3,25,516.27
1713,2,1,9,427.45
1919,3,2,34,400.31
794,3,1,13,284.04
1919,4,2,16,482.89
1982,5,1,74,343.78
1569,3,1,6,454.14
904,2,1,91,209.8
1849,4,1,9,487.37
1609,1,1,7,374.39
2000,3,1,60,373.3
647,3,2,12,297.3
2005,3,2,10,507.79
1932,4,2,2,539.45
500,2,1,25,215.22
1700,3,1,8,448.23
1067,4,2,19,357.71
3365,3,1,10,650.27
2080,4,1,4,482.48
1686,2,3,18,396.62
671,3,1,7,305.56
2503,3,2,28,465.28
1329,2,1,20,293.94
1353,2,1,14,327.89
1847,3,1,7,450.95
1204,3,1,2,371.84
1640,5,1,25,383.45
2318,2,2,0,583.15
2570,1,1,15,463.26
877,5,1,16,311.16
2126,3,3,0,563.59
1989,2,1,11,461.14
1444,5,2,46,370.95
2014,4,1,62,345.27
1628,5,1,35,346.05
1840,2,2,8,402.87
857,2,2,7,345.12
2166,3,1,59,309.89
2410,4,1,0,609.91
1486,3,2,40,333.48
1763,3,2,17,465.76
2717,2,1,19,497.37
2188,2,1,15,477.85
2537,2,1,0,595.27
3393,4,1,4,720.39
2279,3,1,19,453.98
1681,3,1,1,476.8
2313,1,1,4,482.87
1961,4,1,66,351.11
2186,1,1,51,349.97
1482,2,3,28,379.45
2785,4,2,49,440.7
1258,3,1,3,442.18
1636,2,1,18,387.48
1366,2,2,25,339.87
2275,2,1,6,487.41
2533,4,2,1,589.47
1739,3,1,25,381.05
1446,5,1,40,365.71
1333,2,2,3,437.48
1903,2,1,10,394.71
1733,3,2,73,324.98
2362,1,2,51,338.35
1766,2,1,31,358.57
1586,4,2,1,478.97
1945,4,1,15,467.37
500,3,2,26,232.06
1775,4,1,21,405.72
2374,4,1,10,574.87
1590,3,1,22,377.6
2693,1,2,19,464.26
2432,1,2,37,398.08
2946,4,1,15,587.29
1308,4,2,68,342.46
2101,3,2,71,353.69
1600,3,2,29,347.63
1275,2,1,10,361.98
1770,3,1,20,412.73
2421,2,2,15,517.94
2434,3,2,11,543.43
2241,4,1,45,390.73
2010,3,1,47,348.06
2635,2,2,23,481.09
2283,3,1,73,371.3
2285,3,2,14,454.62
2572,3,2,53,443.39
1192,3,1,3,373.68
1787,2,2,7,490.4
1761,4,1,17,428.6
1040,4,1,100,208.83
3276,5,1,20,619.91
2755,2,2,1,614.19
2015,3,1,17,455.91
1559,3,1,18,361.71
1882,4,2,12,461.71
2208,2,2,37,383.6
2190,4,1,54,377.69
2588,5,2,25,504.59
1965,3,2,3,505.11
1853,2,1,61,303.53
2721,4,1,30,509.55
1700,1,1,66,288.76
1463,4,3,19,397.21
2332,4,3,8,581.77
2033,2,1,2,471.7
1352,3,1,10,360.5
2896,4,2,12,623.42
1504,4,1,5,459.23
1141,5,1,11,364.62
2589,2,1,14,508.12
2029,3,1,8,439.12
1231,3,1,2,378.96
2396,4,1,100,414.36
1069,3,1,9,347.38
2633,3,3,53,453.86
2122,1,1,8,470.59
2911,4,1,0,669.67
2907,3,1,23,536.32
1219,5,1,44,338.99
2202,1,2,17,432.17
1835,2,1,2,477.81
2046,3,2,60,357.31
2856,3,3,33,503.43
2437,3,2,88,370.87
1907,2,2,0,532.47
2010,3,2,0,513.66
2504,2,2,23,491.08
1473,2,2,32,295.05
2460,2,1,22,427.35
2377,5,1,28,467.9
2553,5,1,34,487.8
1280,3,1,44,284.56
2284,5,2,8,572.74
1769,3,3,16,449.59
2493,3,1,9,525.49
1373,3,2,20,364.65
2942,1,1,1,632.73
2785,5,1,0,711.96
1360,3,1,20,374.99
1628,1,2,1,441.78
2135,1,1,29,369.52
3210,3,1,3,688.48
2085,3,1,18,438.2
1547,3,1,28,316.73
1415,3,2,76,277.05
2317,3,1,5,539.63
3051,2,2,3,647.25
2058,3,1,54,351.89
2645,3,1,67,406.0
3045,4,3,0,737.45
2343,5,1,2,591.2
1650,3,3,56,319.76
2136,2,2,0,521.7
2360,4,2,36,427.58
2061,3,1,23,438.23
1872,3,2,6,473.89
1871,2,2,52,362.2
2453,2,3,8,564.47
2975,3,2,19,558.5
1842,3,2,2,502.26
2341,2,1,22,463.8
1564,4,2,35,359.46
2507,3,1,26,450.98
2218,2,1,61,351.72
2131,3,1,9,502.57
2524,2,2,32,458.21
1979,3,2,12,455.5
2845,1,1,27,461.25
582,3,1,27,210.94
1244,3,1,14,371.75
2125,5,1,27,472.29
1932,4,1,37,399.94
1890,3,2,16,422.31
2027,4,2,91,372.09
2809,2,1,22,479.23
1713,3,2,14,426.18
1783,2,1,23,388.75
1556,5,2,31,367.8
1600,3,1,12,414.76
1683,5,1,2,487.97
3232,2,3,8,650.71
1709,4,1,37,369.65
1174,1,2,18,348.24
2492,3,1,29,487.1
1610,2,2,33,320.55
1956,3,1,76,319.42
2110,2,2,13,458.9
1659,2,2,31,324.64
1854,2,1,33,370.97
1966,4,2,5,478.47
2271,3,3,12,532.86
2532,3,1,27,452.57
2564,2,2,25,475.33
1485,2,2,37,335.69
1301,3,2,49,333.12
1609,1,1,30,294.22
1766,3,2,2,519.47
1348,2,1,7,376.75
1555,4,1,2,462.04
2460,3,1,13,526.49
1210,2,2,19,313.8
2214,3,1,5,541.57
2293,2,2,17,470.45
1506,3,1,14,378.58
556,2,2,3,297.54
2115,3,1,52,357.33
2618,2,1,75,374.99
1736,2,1,9,457.14
1867,1,1,10,430.98
2400,3,2,37,429.45
1706,1,3,63,302.2
2276,3,3,3,619.73
2282,4,2,23,422.36
1703,2,1,25,347.81
2867,3,1,46,468.71
2259,2,2,82,350.45
1927,3,1,54,351.4
1421,2,2,6,394.78
1745,5,2,0,527.5
2028,4,2,10,486.92
2609,4,2,4,601.66
2435,3,1,14,508.8
1595,1,1,18,352.92
1461,5,1,7,436.11
3144,2,3,45,489.11
2969,3,2,70,443.27
2303,3,2,8,534.11
2764,1,1,3,576.64
2712,2,1,22,513.83
1363,5,1,3,439.75
1493,3,1,11,403.5
1839,2,2,0,456.0
2054,1,1,9,430.94
2525,3,1,8,557.81
1884,3,1,27,403.75
2456,3,1,1,603.53
2672,3,2,13,529.73
1095,3,2,19,329.86
1749,4,2,21,401.99
1446,4,2,12,411.92
1224,2,1,57,220.87
2826,2,1,44,430.71
1389,4,1,2,448.73
1701,2,1,14,354.47
1704,4,1,48,375.22
1538,2,1,10,398.34
1541,2,1,34,330.42
1965,3,1,9,487.75
1991,3,1,2,510.07
1907,3,1,16,432.63
1283,5,1,48,330.89
2238,2,2,16,461.58
2722,3,1,39,432.96
3334,2,1,18,541.77
1478,5,2,13,400.04
1973,2,1,14,442.17
1961,3,1,14,476.76
2018,2,2,9,480.65
2137,3,2,25,409.71
1577,3,1,34,351.83
2283,5,1,16,511.92
1321,3,2,26,375.4
2642,4,1,19,506.86
2808,3,1,13,566.13
1959,2,1,15,438.01
2210,1,1,83,318.04
2430,3,2,0,605.69
2311,4,1,59,397.17
1995,4,2,11,477.67
947,1,2,26,270.04
1724,5,2,2,477.49
2523,5,1,28,501.74
976,3,1,21,278.4
2196,1,2,10,449.88
2510,2,1,0,564.73
2950,3,3,10,628.24
1294,5,2,51,282.27
1374,3,2,32,330.12
2014,3,1,6,530.35
2249,3,1,11,493.67
2609,3,2,16,523.14
2255,1,1,26,399.32
1531,3,1,14,381.99
2353,3,3,86,343.15
1686,2,1,18,388.28
2285,5,2,30,472.02
1267,2,3,36,289.95
2573,3,1,5,578.34
2431,3,1,5,560.52
1381,2,1,15,357.72
964,3,1,1,376.91
2933,3,1,52,460.1
2295,3,1,13,450.24
1577,2,1,6,403.32
1755,3,2,31,396.14
2413,4,2,22,486.75
2530,3,1,74,403.55
1876,5,1,36,377.54
1722,1,1,17,385.07
1243,3,3,9,392.09
2128,3,2,6,504.55
2329,3,1,36,406.82
1879,3,1,38,352.65
1779,2,1,0,476.78
2235,2,1,12,458.21
2182,3,2,17,464.15
2901,5,2,4,697.04
843,4,2,6,346.07
1072,1,2,63,212.38
2393,4,2,26,489.7
1736,3,3,100,321.18
2047,2,3,23,412.34
2272,4,1,4,579.49
2043,1,2,22,436.38
1885,4,1,15,456.31
784,5,2,32,284.42
856,2,2,99,197.24
2185,3,2,71,342.75
2378,3,2,64,444.14
594,2,2,32,228.44
2387,3,1,18,492.15
1623,3,2,34,332.23
1033,3,2,33,294.59
1469,3,2,74,306.94
1450,3,1,100,246.91
2055,3,1,12,491.97
2818,2,3,10,567.51
1652,2,2,47,317.35
2321,3,2,3,574.1
1916,3,1,100,342.41
2485,3,1,9,530.09
1943,3,1,33,386.41
2715,3,2,17,535.57
3069,3,2,12,635.48
1413,3,1,43,316.6
1459,5,2,5,465.76
1752,3,2,22,409.89
2873,3,1,6,591.7
1525,3,1,8,421.27
1587,2,1,34,344.71
1893,2,2,1,451.12
2483,4,1,27,443.94
1427,4,1,17,392.82
1393,3,2,100,297.16
1754,2,2,7,437.52
1614,1,1,70,272.03
2171,2,1,16,461.19
500,5,2,14,323.62
2797,4,2,4,630.46
1333,5,1,1,446.22
1434,5,1,19,402.3
2544,3,1,54,407.55
1001,3,2,68,268.06
2105,3,1,69,300.9
1065,4,1,8,395.36
2181,1,1,34,403.23
500,2,2,90,181.86
2690,4,2,9,626.32
2266,2,3,60,366.78
699,3,2,26,228.79
1404,2,2,2,421.27
1565,3,2,18,397.46
2433,3,2,51,418.98
2596,4,1,22,492.79
3097,4,1,22,551.92
1360,1,1,26,316.06
1296,2,2,18,336.47
2498,5,2,9,572.82
1703,3,1,8,421.89
1721,1,2,23,348.55
1596,4,2,12,423.11
1391,5,2,13,440.74
3021,2,1,37,461.83
3366,3,2,36,540.2
1812,4,1,6,465.75
1380,3,2,28,337.89
2244,1,3,88,340.16
1948,5,1,7,507.5
1795,2,1,12,409.3
2849,4,2,8,614.11
2154,4,1,24,443.02
2820,4,2,21,551.44
2368,3,2,16,539.87
1677,3,2,11,406.03
1883,4,1,11,477.24
1399,2,1,0,424.8
1641,3,2,1,496.0
1169,3,2,25,336.32
2511,1,1,0,549.76
2936,3,2,31,489.25
2716,3,2,33,472.71
1649,3,1,3,400.48
1673,3,1,8,471.23
1844,5,2,44,393.12
2076,2,1,27,399.29
2347,3,2,89,360.78
2054,3,1,6,500.22
1646,5,2,48,366.02
3234,4,1,60,493.18
2140,2,1,23,404.62
2385,2,2,9,521.42
2191,2,3,0,595.71
1414,3,1,17,377.9
2459,3,2,4,558.1
1186,2,3,19,324.54
1062,2,1,2,333.9
2407,2,2,6,567.06
2168,4,2,17,492.53
2209,4,3,14,524.28
1298,2,1,33,300.41
973,3,3,20,336.6
2384,4,1,14,531.29
2596,3,1,25,457.12
1852,5,1,4,525.71
1605,3,2,18,393.07
2485,3,2,20,483.97
1537,2,3,7,424.86
2429,2,2,66,377.12
2010,3,2,3,524.76
2013,3,2,30,385.75
2668,2,3,0,639.96
1439,4,1,25,350.47
1508,3,3,22,373.8
2401,3,2,26,465.8
2616,3,3,15,492.86
1844,5,2,36,417.49
2777,3,1,5,607.63
1806,5,1,10,501.37
2204,2,1,23,400.85
2086,2,2,25,414.15
1971,3,1,5,509.06
2005,2,1,17,429.9
2243,3,3,3,569.25
2126,3,2,4,525.94
1989,2,1,17,426.95
1408,3,1,3,420.55
2111,5,1,22,441.93
1550,1,1,33,317.43
2133,4,2,47,374.05
2685,3,1,22,467.12
2301,4,1,0,574.84
1243,2,1,5,384.02
3121,3,2,0,710.01
2049,3,2,24,416.98
1887,3,2,6,475.92
1590,3,1,15,375.14
2088,2,2,3,495.62
1699,2,2,7,416.7
2326,3,1,3,553.4
1755,1,2,28,362.24
2276,4,1,30,441.81
1752,4,1,1,513.15
1367,3,1,78,264.7
1791,3,1,21,391.16
1901,3,1,5,480.92
1842,4,2,7,502.96
967,3,1,50,269.01
2413,4,3,1,626.1
2080,1,1,15,407.21
1945,1,1,55,294.68
2185,3,1,61,382.17
2315,3,2,1,571.37
1127,2,2,25,267.0
2091,3,2,25,456.02
2598,2,3,23,495.65
2426,2,2,25,494.28
1527,5,1,10,433.25
2860,3,1,0,649.28
2211,3,2,31,422.95
2615,3,2,3,638.11
500,5,1,21,328.26
1218,3,2,10,390.85
1870,4,1,6,493.83
2586,1,1,54,353.46
2608,5,2,4,656.87
1664,3,1,2,450.89
1659,3,1,100,323.84
2571,2,2,84,375.39
2418,4,1,15,497.58
3079,4,1,61,452.14
2286,2,1,4,506.5
1271,3,1,14,359.05
1551,5,2,23,384.06
1731,5,2,5,493.17
1798,3,2,53,345.88
2852,1,3,17,542.55
2141,3,2,28,449.0
2190,2,1,6,439.14
2676,3,2,8,614.4
1838,4,1,9,455.98
2727,3,2,18,554.96
1748,3,1,0,494.16
2063,5,3,1,606.27
1099,3,1,10,368.75
2273,4,1,77,357.41
2423,1,1,19,397.15
1473,5,2,5,487.38
2113,2,1,48,369.4
2026,2,2,24,393.34
863,3,3,37,276.83
2073,3,2,4,537.61
2128,3,3,0,554.5
2520,3,2,72,380.38
2579,3,1,44,437.81
1584,2,1,14,378.16
1505,3,1,24,362.54
3271,2,2,44,504.45
649,5,1,27,295.39
1391,2,2,9,388.38
965,3,3,52,273.21
1688,2,1,58,308.07
2296,2,3,48,406.18
2696,2,1,14,520.06
1613,2,1,2,461.42
1619,1,2,0,419.68
1390,4,2,32,380.67
2199,1,1,59,312.07
2006,3,2,39,355.77
2468,5,1,48,426.29
2465,4,2,3,586.89
2342,4,1,59,391.5
3010,3,2,6,638.41
2209,3,2,25,444.77
2311,1,1,48,345.53
1974,2,2,11,447.34
2651,3,1,12,569.66
1349,3,2,19,357.08
2590,3,1,55,398.86
2409,4,1,15,544.71
2523,4,3,90,403.83
2484,5,1,2,658.02
1834,4,1,39,369.79
2616,4,1,19,500.0
1321,5,1,39,321.84
1115,2,2,20,274.94
2342,1,2,1,561.43
3019,1,2,13,564.15
1108,3,3,19,330.82
2555,2,1,5,538.16
1119,2,2,2,369.98
1440,4,1,55,301.92
2226,2,2,3,506.79
1377,3,2,13,343.88
3072,2,1,63,408.88
671,4,2,1,322.53
2205,5,2,31,448.7
1527,2,2,7,392.9
2395,3,1,17,463.63
2561,3,1,28,474.45
1320,2,2,12,378.11
2657,3,2,60,419.34
1546,2,1,6,431.57
1493,3,1,20,322.22
3119,4,2,8,666.19
1060,2,1,22,290.85
2469,4,1,82,379.74
2204,5,2,33,448.06
2355,2,1,30,408.46
1927,3,1,2,513.73
1061,3,1,40,264.75
1222,4,2,8,403.4
2902,4,1,21,548.18
1656,3,2,18,361.9
1943,4,1,6,488.42
2199,3,1,40,370.02
2709,4,1,2,639.31
932,2,1,3,320.99
2082,5,2,42,436.72
1397,1,1,9,322.99
2104,1,2,46,322.02
1500,5,2,45,327.77
1475,3,1,3,400.18
2900,3,1,98,390.43
2794,5,2,32,499.98
1330,2,2,90,292.25
1834,4,3,17,459.09
2650,2,2,28,479.57
2083,3,2,7,537.1
3436,2,1,12,631.51
2652,4,1,27,507.79
1782,3,1,25,381.42
2015,2,1,43,372.76
2119,5,2,11,550.71
2178,3,1,64,334.85
1353,3,1,7,379.28
2230,3,3,1,588.39
2539,3,2,46,448.75
2512,3,3,10,569.64
2468,4,2,5,609.59
1799,4,1,41,351.61
1729,4,2,29,380.7
2782,2,1,36,441.15
1963,4,1,27,411.87
2627,4,1,10,585.77
1796,5,2,4,513.31
1849,3,1,21,379.94
1508,2,2,34,331.7
2080,2,1,14,440.48
1853,3,2,3,495.28
1534,3,3,38,342.22
2490,3,2,25,486.77
1974,4,2,28,430.32
1529,3,2,11,417.78
1879,2,2,59,323.12
522,4,2,15,306.84
1426,3,1,3,462.97
2182,4,2,31,429.54
1841,3,2,57,313.77
2707,2,1,41,412.12
2889,4,2,36,531.73
765,2,2,26,240.3
1256,2,1,24,281.4
3035,2,2,7,611.11
1122,4,2,13,357.89
1583,2,1,33,299.75
2029,3,2,23,440.07
1783,3,1,15,415.33
1354,2,3,11,358.28
1456,3,1,14,345.16
1994,2,1,35,390.97
1181,4,1,4,409.74
1975,4,2,25,464.44
1899,2,1,90,274.47
2037,4,2,10,482.09
2061,3,2,16,478.82
1592,3,1,10,462.24
2361,3,1,32,445.31
2505,3,1,48,395.85
1345,2,2,40,296.7
2281,3,2,37,388.45
1374,3,1,1,395.81
1349,4,2,0,459.52
1847,3,1,1,487.81
2825,3,2,0,667.52
1442,4,1,34,338.65
1119,4,2,72,255.1
2414,1,1,18,451.91
612,4,2,73,203.32
2388,1,1,58,330.16
2162,3,3,21,475.49
2561,2,1,25,466.66
2177,2,1,5,497.47
2214,4,3,14,506.71
2696,1,1,4,575.51
2400,2,3,4,556.31
1175,3,2,2,409.67
2086,3,1,40,376.35
692,4,2,13,271.0
1514,2,2,39,336.7
922,1,1,2,354.69
2564,3,2,15,527.28
1933,4,1,52,346.79
2270,3,2,33,403.14
1780,5,2,0,536.88
2131,1,2,33,365.94
3382,2,2,53,473.58
2519,1,2,22,454.16
1431,1,1,65,271.87
1193,1,2,1,396.12
1511,3,1,34,334.55
2151,4,1,2,567.32
1535,4,1,77,344.86
2386,2,1,13,503.87
1727,3,1,27,405.8
2206,2,1,72,304.89
2157,5,1,9,542.8
2529,3,2,3,621.98
2169,3,2,38,412.11
2502,2,2,3,610.09
3185,3,2,12,622.07
2212,1,2,52,372.73
1693,2,1,3,430.96
1792,2,2,9,427.45
1158,3,2,20,291.12
2875,4,1,22,544.58
844,1,2,32,207.29
2469,4,2,12,570.87
1065,2,2,15,318.04
2515,2,3,17,503.94
1599,4,3,28,385.2
2832,2,1,26,466.86
2334,3,1,2,569.53
1893,4,1,40,338.94
1399,3,2,38,337.8
1380,2,2,59,289.87
3098,4,3,66,477.17
1870,3,1,55,342.4
2425,2,1,4,541.36
1662,1,1,31,293.57
3336,2,1,53,460.85
3380,2,1,11,630.99
1112,3,1,25,274.7
2564,3,2,22,517.22
2187,4,2,54,381.11
2168,2,1,73,362.11
2402,3,1,32,405.92
897,3,1,0,314.5
1204,2,2,1,366.72
1684,4,2,90,331.21
2471,3,1,7,576.0
1396,4,2,5,450.62
1949,5,1,11,476.29
553,2,3,51,215.51
1474,3,2,2,436.17
1901,5,1,89,355.81
2227,2,3,59,401.57
3020,3,2,28,535.55
2801,1,1,3,615.95
1720,2,2,49,302.01
2315,2,3,21,437.5
1793,5,2,18,432.69
2011,4,3,18,462.4
3328,5,1,65,496.46
2526,3,1,10,553.0
2123,4,3,12,513.02
1702,2,3,16,396.68
1283,2,2,1,415.11
2592,2,2,30,457.0
1965,3,1,0,556.56
2703,2,1,8,532.42
1700,3,1,32,349.88
826,2,1,6,284.44
2372,2,3,27,433.0
2192,3,1,20,466.64
1846,4,2,37,362.03
1385,5,2,6,433.16
2793,2,2,14,550.04
2545,4,3,1,649.96
1885,2,1,94,276.4
1928,2,1,76,322.94
2711,4,1,65,428.31
2745,2,1,37,456.94
2505,3,2,1,609.07
1803,3,2,3,500.8
2204,2,1,10,470.83
2865,5,2,88,429.94
1539,3,3,6,405.5
1827,1,1,41,333.41
2566,3,2,4,604.28
2749,3,2,4,615.73
1345,3,2,1,415.57
1881,3,3,3,516.3
2238,2,1,52,399.64
1776,4,2,17,443.62
2751,5,1,76,432.43
2627,3,1,22,480.08
722,5,3,100,237.33
1857,3,2,15,419.47
2026,2,1,11,487.9
1433,5,3,76,339.13
2223,4,2,11,506.75
3174,5,1,13,633.12
2423,3,1,44,389.2
1605,5,1,20,420.85
1487,3,1,14,388.83
1800,3,3,8,441.54
1589,5,2,1,501.39
1498,2,2,11,348.66
1509,4,2,15,375.7
1918,3,2,1,518.78
668,2,1,0,315.57
1922,4,1,21,443.26
2456,2,3,2,570.94
1731,4,2,25,368.8
2100,5,1,0,588.84
2185,2,1,14,439.63
1336,3,2,9,407.43
990,2,2,11,300.41
845,4,1,11,311.51
1811,3,1,6,457.01
2056,3,2,38,408.0
2169,3,2,44,375.43
3469,5,3,3,837.86
2295,2,1,83,323.88
1775,4,3,15,431.65
2508,2,1,7,519.1
1774,3,2,26,362.32
1736,2,2,6,422.14
1761,5,1,15,445.31
1137,3,1,100,227.93
2552,3,1,55,395.01
2568,2,1,9,502.07
2189,2,3,16,467.96
2459,3,2,37,438.32
1912,2,1,19,369.95
900,2,2,39,248.59
2599,2,1,17,503.84
2092,2,1,0,505.2
1144,4,1,12,371.49
1861,5,1,15,482.52
1430,2,1,10,384.57
1817,4,1,1,522.04
2310,3,2,34,417.81
1812,3,1,16,399.03
2439,2,2,5,523.53
1353,3,2,17,409.9
2416,2,2,1,584.84
2083,3,1,3,530.44
1528,3,3,47,338.94
2544,4,1,9,566.67
1667,2,2,13,384.17
1388,5,2,5,479.34
2191,5,2,2,592.56
741,4,1,6,333.98
2452,3,1,24,492.65
1866,1,1,40,311.81
1859,2,1,9,426.99
1599,5,1,29,354.34
1107,4,1,13,337.48
2638,3,3,5,606.66
1657,4,1,3,461.33
1369,1,2,2,398.49
2525,3,2,43,457.96
2925,2,1,42,419.37
1345,1,1,33,283.53
1546,2,1,11,366.54
2853,4,2,17,549.64
2136,5,2,19,478.35
1288,3,1,12,355.69
2139,5,1,24,444.28
2365,4,2,4,613.04
2698,2,2,13,507.67
1523,3,2,7,428.08
1246,1,2,69,216.04
1898,2,2,12,421.63
1475,1,2,28,294.99
1729,4,1,13,411.95
1686,3,1,31,346.32
1257,5,1,2,436.53
1150,3,1,7,315.56
877,3,3,12,292.19
1667,3,2,18,387.12
506,4,3,100,201.49
2648,4,2,7,594.96
2588,2,1,27,435.21
823,4,2,32,298.95
1132,2,1,25,280.87
2318,3,1,2,568.83
2310,2,2,10,475.1
2332,2,1,18,410.7
2788,3,2,14,543.73
1970,3,2,39,413.05
763,3,2,0,391.32
1771,4,1,69,337.61
1944,3,1,3,504.95
2227,2,1,5,502.33
1940,1,1,34,356.54
1974,3,1,51,354.61
1857,1,2,6,414.02
1811,2,1,4,438.56
2578,4,2,2,672.6
1943,3,1,97,327.4
2114,5,2,12,511.39
1291,4,2,1,450.13
1059,5,1,6,380.13
2163,3,1,21,451.4
1748,4,1,25,392.81
1650,5,1,18,419.7
2748,1,2,7,549.23
2145,2,1,21,386.33
2129,2,2,12,479.85
1516,2,2,23,333.87
1272,5,2,12,361.87
2316,2,1,17,426.84
1078,3,2,18,360.34
2147,2,1,40,374.88
2006,2,1,0,511.23
1443,4,2,16,437.83
1534,3,2,46,322.67
2535,3,2,26,489.05
1773,1,2,49,325.34
2363,1,1,40,351.53
2100,4,1,40,368.27
1052,4,2,75,232.69
1981,3,2,30,409.07
2282,2,2,45,420.35
1682,2,3,81,301.53
1554,2,2,25,367.0
1075,2,2,2,352.86
1592,3,1,9,406.18
1409,2,1,0,412.31
2770,2,1,12,536.77
1342,3,2,1,444.26
1900,2,1,100,306.71
2339,3,2,12,556.06
1996,3,2,42,387.21
2245,3,2,94,376.84
2470,4,1,1,649.62
1972,3,2,33,413.14
2323,4,3,38,464.65
3167,3,2,0,747.76
1279,2,2,24,337.0
2448,3,2,12,557.04
1924,5,3,26,459.2
1543,3,1,15,362.11
2241,4,2,0,593.78
1791,2,1,29,397.91
2946,3,2,15,597.14
1326,5,1,7,412.3
1488,2,3,14,412.31
3258,2,2,4,693.58
1873,3,2,9,442.87
2681,2,1,34,441.95
1584,3,1,3,411.24
2098,3,3,48,422.31
2437,3,1,19,455.48
2127,3,1,5,525.64
1374,2,3,91,274.49
1163,4,1,2,418.11
2217,2,3,15,485.74
1586,5,2,52,333.38
2145,3,2,38,412.18
1248,3,1,15,343.92
1629,4,2,17,407.15
1665,4,2,0,481.03
1257,2,2,44,287.38
2701,2,1,1,607.01
1703,3,1,25,360.59
1550,2,1,4,415.66
956,4,1,12,334.78
2530,2,2,21,465.76
2283,3,2,23,436.46
2273,3,2,35,414.97
2569,3,1,76,377.34
2206,5,1,25,471.09
1897,5,2,12,502.68
1380,2,1,11,325.36
1552,5,2,37,341.12
2770,3,2,2,643.1
1254,3,1,85,289.57
2352,4,1,46,393.58
2231,2,1,29,437.25
3149,4,1,8,639.71
1772,2,1,46,348.58
1334,4,1,45,315.97
2470,2,2,19,475.25
2358,5,3,19,521.73
1514,3,2,7,454.74
1943,2,1,29,390.48
1852,5,1,37,392.31
1317,5,1,17,372.78
2067,4,1,43,337.92
1999,2,2,100,319.33
2133,3,2,100,382.34
2306,5,3,55,413.5
2888,4,1,47,469.91
1672,3,3,37,381.41
2445,2,1,12,498.84
1529,3,2,31,363.9
2323,2,3,21,433.65
1998,2,2,4,522.79
2199,2,2,44,390.58
1951,2,2,25,415.19
957,4,2,4,382.59
1269,4,1,3,416.72
1634,3,1,54,345.5
1348,4,1,25,325.78
2069,2,2,41,391.82
2719,2,1,9,535.69
1999,3,1,56,347.76
1744,5,2,1,574.38
2017,4,3,10,541.14
1998,3,1,3,499.44
2847,4,1,35,522.31
2715,2,2,57,483.72
2249,2,1,2,513.92
2508,3,2,4,580.12
2020,3,2,41,387.56
2009,3,1,33,393.55
2301,4,1,2,562.72
2155,4,1,38,427.31
1589,3,1,100,298.7
3369,5,2,12,671.69
1743,4,2,45,370.34
1669,1,1,2,401.2
2002,1,2,41,371.26
2319,3,1,12,500.63
1759,4,2,44,350.21
2280,4,2,8,558.03
2215,3,1,30,420.99
2165,3,1,56,374.04
1965,3,2,31,349.7
2069,4,2,7,536.5
2698,5,2,69,405.59
2822,4,2,29,495.86
1242,3,1,44,246.99
1590,5,1,9,454.04
2108,2,1,10,475.06
1724,2,1,36,375.09
2545,3,1,100,363.8
2024,4,2,8,549.5
1622,3,1,7,421.81
2371,3,1,10,517.66
2462,3,2,3,611.63
2249,3,1,2,538.55
2394,4,1,12,534.05
1673,3,2,3,478.18
2650,1,1,21,455.98
2329,4,1,17,499.0
1595,1,1,52,290.15
2129,2,3,43,413.52
2443,2,2,39,410.75
2187,5,1,6,575.52
1128,2,3,29,288.99
1624,2,3,72,310.72
1015,3,2,3,393.85
3613,2,2,95,483.8
1918,2,1,9,478.96
1749,2,2,19,406.3
1670,5,1,40,376.07
2591,3,1,2,559.64
1830,3,1,42,332.56
2415,3,3,11,514.35
1817,3,2,1,455.89
2740,3,2,7,606.57
1622,2,2,5,417.33
1653,4,1,3,449.9
2687,3,2,75,396.41
3020,4,1,20,566.68
1815,1,3,11,435.9
500,1,1,7,243.53
2930,2,3,38,487.22
1565,1,1,22,313.37
1817,2,1,20,407.7
3097,4,2,6,691.12
2100,2,1,5,460.11
2359,3,1,77,361.71
2104,3,1,1,520.33
1209,3,2,29,327.69
2040,4,1,9,491.96
2129,5,2,62,379.8
1175,1,2,72,260.31
1845,2,2,24,370.71
1195,2,1,7,371.0
3028,3,2,51,447.38
2083,4,1,44,363.65
2807,3,2,35,456.31
1368,4,2,0,450.35
1696,3,2,16,410.99
3150,4,1,20,578.71
2066,3,1,13,464.62
2099,5,1,8,545.36
2108,3,1,52,395.49
996,3,1,13,357.82
2199,2,2,10,490.11
2920,2,2,18,541.2
2572,1,2,34,419.24
2236,2,2,38,364.8
2009,4,1,59,336.43
2219,3,1,9,514.21
1822,2,2,3,466.56
1444,1,1,6,366.66
1803,3,2,16,462.3
2126,4,2,10,530.67
2461,3,2,0,617.95
2075,2,2,23,445.21
2155,5,1,17,471.88
2825,2,1,26,469.54
1965,2,3,49,335.97
1869,4,1,4,488.93
2045,3,2,4,516.92
2237,3,2,24,442.51
2368,4,1,43,397.31
1347,3,1,56,300.67
1769,4,1,1,515.82
2260,3,1,35,398.23
2538,4,1,15,577.26
1312,3,1,26,323.24
3385,3,2,0,715.1
2492,5,2,18,558.36
1547,2,1,15,388.87
2021,3,2,29,406.15
1453,2,1,0,429.23
2063,5,2,5,528.48
2571,5,2,3,636.71
2143,4,1,38,396.12
2977,5,1,67,465.28
1114,1,2,0,352.48
2859,1,1,95,413.22
2617,2,2,7,553.61
2103,2,2,100,330.21
1263,3,2,9,405.92
2256,4,1,53,377.34
1982,3,2,14,476.03
1699,1,1,26,347.92
2392,3,1,27,450.42
2054,3,1,27,388.15
2906,3,1,32,467.0
1825,3,2,55,348.22
3153,2,1,10,579.36
1796,2,1,12,391.84
2162,3,1,8,468.88
1009,4,2,9,365.13
1612,2,1,16,382.47
1849,3,2,19,413.19
2368,2,2,1,579.92
2081,5,1,54,402.37
1956,4,1,2,534.48
1949,5,1,0,537.88
1814,4,1,2,498.53
1397,1,2,14,357.44
2660,3,2,27,498.26
1955,5,1,22,446.26
2973,4,1,27,498.37
2576,1,1,7,500.16
1970,3,2,3,520.47
2183,3,3,1,564.01
1504,2,1,1,413.54
2416,1,2,28,430.58
1491,3,1,92,278.24
2739,1,2,6,541.3
1162,4,1,9,387.35
1735,2,2,40,342.51
1732,3,1,6,446.03
1649,4,1,21,381.65
1609,4,1,30,381.04
609,3,1,4,298.13
1658,2,2,40,361.31
2216,3,2,69,344.98
1608,3,2,21,371.66
2424,3,1,4,579.43
2044,5,3,1,598.81
1272,4,2,33,322.51
2284,4,1,0,583.79
2793,4,2,17,531.9
2990,1,2,14,528.29
2515,2,1,26,430.19
2893,3,2,100,391.2
2424,1,1,12,461.12
2435,3,1,19,520.55
2069,4,1,14,441.28
2414,3,1,29,451.0
1797,1,2,100,277.66
1537,2,1,14,364.52
2484,3,1,14,526.11
2552,5,2,44,481.09
2319,2,1,34,408.16
1816,3,1,8,455.81
1229,3,2,15,361.48
3180,2,1,10,608.98
1418,2,2,33,337.54
1761,5,2,20,449.1
1308,2,1,13,323.73
2514,2,1,52,373.14
2228,2,3,2,579.44
2087,3,2,31,395.24
2214,4,1,24,435.38
1741,2,1,14,421.92
1954,3,2,50,359.73
1328,4,1,2,448.0
1466,4,1,18,394.88
1326,3,3,11,413.12
1384,2,2,16,350.5
2807,2,2,9,586.19
1192,3,3,49,311.43
1204,2,1,7,336.26
2299,4,1,39,422.11
1388,3,1,31,314.1
1924,2,3,3,495.46
2260,2,2,32,402.36
2487,2,1,100,350.29
2107,2,1,45,371.52
1839,4,1,44,355.64
2086,4,1,24,412.17
2727,3,1,49,431.32
1776,5,1,12,453.05
2188,4,2,6,569.82
1910,3,1,72,343.63
1940,3,2,30,359.87
1327,3,1,3,441.09
2742,3,1,56,430.49
1870,2,2,35,365.76
1089,4,1,25,321.63
985,2,1,10,290.38
1876,3,1,3,458.35
1421,5,1,40,377.14
1152,2,1,53,313.5
2042,4,1,31,411.14
1628,4,2,48,335.3
2224,1,2,76,365.99
2573,4,1,1,607.58
1859,1,2,42,364.49
500,3,1,0,333.74
1922,5,3,7,533.3
2951,2,2,50,464.66
1466,3,1,20,372.7
3300,4,1,18,626.1
1966,2,2,19,395.73
2139,2,2,19,434.16
2043,4,1,80,344.82
1546,4,2,67,299.56
1083,1,2,2,351.59
1312,4,2,24,331.96
1872,5,1,0,576.73
2111,2,1,5,434.13
875,1,1,15,296.74
1261,3,1,31,318.93
1592,3,3,38,364.83
1541,2,2,40,306.29
2241,3,2,4,510.15
1241,2,1,4,382.37
2576,3,2,5,573.3
2612,4,1,48,462.12
2601,2,1,27,449.12
1937,2,1,3,451.95
1447,4,1,77,295.34
3164,3,2,19,557.85
2088,1,2,89,335.94
2336,4,2,35,442.09
1388,3,1,48,281.5
1795,2,2,14,417.21
2807,1,2,4,591.2
1735,4,2,9,459.59
1313,2,1,33,312.7
2555,1,2,0,590.44
1921,2,2,30,375.67
1352,3,2,3,427.79
2756,2,1,12,532.78
2654,4,2,9,588.26
1441,3,2,8,404.15
1615,2,1,2,432.92
2124,3,2,39,375.54
2794,4,3,4,642.04
1699,4,3,1,565.76
2523,3,1,14,509.65
2018,2,1,25,392.66
1977,3,2,27,394.13
2041,3,1,21,415.73
1688,3,1,4,481.09
2774,3,2,1,641.84
1833,3,2,8,451.04
1265,3,1,8,345.28
1984,4,1,47,376.27
2783,1,3,11,533.78
1876,2,1,11,426.46
2228,2,1,17,456.47
1725,3,1,17,391.51
1421,4,1,51,308.62
2485,3,1,29,438.53
1522,1,1,32,295.0
769,2,2,11,308.02
1609,4,3,47,330.47
2450,2,1,19,445.75
2739,3,1,39,426.7
1469,2,1,5,412.88
1762,4,2,29,373.51
2727,1,3,39,464.85
2383,2,1,1,558.15
1738,3,1,43,358.57
1158,2,2,21,324.3
2501,5,2,22,530.61
1364,4,2,33,352.34
2586,3,3,0,645.35
1784,5,1,16,453.46
1774,2,2,4,466.45
2881,3,2,9,651.39
2071,1,2,16,424.75
2744,4,1,31,505.01
1692,2,3,15,420.74
2632,3,2,7,573.32
1434,2,1,17,356.02
1442,4,2,18,417.18
1700,3,2,41,327.13
2540,4,3,9,595.62
1952,2,2,18,411.06
2034,1,1,15,379.06
2772,4,2,77,447.66
2613,3,1,43,424.9
2267,3,1,13,478.51
2113,3,1,12,453.18
1737,3,2,7,448.74
916,1,2,47,218.1
2250,3,1,6,541.14
3123,4,2,44,486.6
2098,3,1,26,434.45
1702,3,2,17,447.28
2706,2,3,56,413.35
2187,1,2,6,514.82
1481,3,1,0,445.76
2099,3,1,9,481.7
2559,2,1,5,578.41
2089,5,1,15,495.51
2038,4,2,24,407.63
1620,2,1,5,442.79
1715,4,3,14,438.73
512,3,1,41,180.66
795,4,1,5,373.51
2443,1,2,12,484.93
1315,1,1,0,380.28
1807,4,1,16,456.55
1862,1,3,13,450.5
1819,3,1,10,424.72
2190,3,2,29,426.28
1672,3,2,62,344.43
1035,4,1,21,327.16
1248,4,1,9,392.49
2352,3,1,73,383.11
2557,4,1,33,436.17
2315,4,1,38,404.58
2833,1,1,5,593.59
2575,2,1,21,514.19
2939,2,2,20,550.62
2637,1,1,2,595.99
637,3,1,2,350.04
1601,2,2,56,259.5
610,3,1,10,286.55
2347,1,2,1,559.0
2979,3,2,60,441.82
2353,2,1,33,424.14
2463,3,3,56,408.79
1875,3,1,19,391.89
1728,2,1,50,323.0
1896,3,2,4,500.9
1834,3,2,4,479.49
3145,5,2,35,523.3
2307,3,1,100,328.23
2250,3,1,32,471.22
2025,3,2,6,511.8
1862,2,2,52,314.92
2014,3,1,64,354.17
1748,4,1,74,306.5
2065,3,2,1,542.21
2653,2,1,6,552.66
2359,2,1,16,486.97
2223,5,1,100,340.62
1624,3,2,4,451.87
1850,3,3,49,341.03
671,2,1,8,280.33
2823,4,2,18,561.66
699,3,1,15,302.67
3005,2,1,17,518.18
593,3,2,38,243.11
1229,4,1,26,337.71
2294,4,1,10,560.26
981,2,2,46,258.09
2374,4,1,41,427.94
1447,3,1,1,440.77
2668,3,1,28,452.55
1980,5,2,100,329.04
1808,5,1,13,444.81
1241,3,3,17,387.41
788,3,3,68,233.69
2062,4,2,19,455.85
2810,1,2,19,512.82
2216,3,2,53,416.31
2692,5,1,11,620.82
2199,3,1,70,326.32
2338,2,1,5,519.98
1832,2,1,41,264.12
2563,2,1,5,542.05
1925,2,1,8,464.35
1943,5,1,19,422.85
3193,3,1,38,519.54
2877,3,3,2,634.34
1847,2,1,5,459.77
2734,5,2,78,468.75
1882,2,1,31,346.17
1135,1,3,7,359.88
970,2,1,7,307.5
2387,4,1,9,543.6
1901,5,1,14,482.0
2666,4,1,8,538.74
3209,1,1,61,434.08
2234,3,3,33,438.23
1352,2,3,18,356.52
791,3,1,1,337.12
2628,5,2,32,512.28
2653,2,3,7,577.37
2744,5,2,71,449.89
2285,3,1,0,556.24
2376,4,2,0,597.92
2175,4,2,20,472.36
2310,4,1,9,548.04
2048,2,1,56,351.45
1745,3,1,3,496.88
1943,2,1,5,480.65
2507,4,1,40,470.27
1525,4,3,33,377.11
1301,4,2,23,351.75
2618,4,1,12,567.27
1688,3,2,53,337.88
1697,1,1,12,426.37
1259,3,2,32,339.66
1754,4,1,51,334.74
2305,3,3,36,457.14
2194,3,2,9,501.72
944,3,1,58,230.68
2185,1,2,41,376.59
2310,4,2,33,446.09
1061,5,3,31,339.28
1381,3,2,5,421.31
2599,1,1,12,500.03
2332,3,1,25,469.81
2528,2,1,31,455.13
1129,4,1,38,308.41
1955,2,2,6,493.01
1483,3,3,6,463.78
1505,1,2,1,443.0
1656,4,2,13,453.51
2561,2,1,10,534.56
1736,3,2,10,427.37
941,2,1,1,319.56
2582,3,1,3,584.33
2186,4,1,12,538.27
2315,4,3,21,473.16
700,1,2,3,273.69
2214,3,2,20,446.97
2737,3,1,5,610.75
2495,4,2,10,561.24
2348,4,1,34,437.69
1656,1,2,53,307.05
2314,3,1,13,461.35
2072,1,2,24,401.83
2428,3,2,63,357.75
2541,2,2,12,542.87
1751,5,1,40,364.13
2881,1,2,14,550.6
1438,3,2,11,411.8
1588,4,1,12,395.43
2585,3,2,35,475.83
2506,5,1,12,545.02
2512,3,2,20,490.59
2786,1,2,17,517.19
2358,2,2,58,335.69
1837,4,2,4,452.27
1396,3,1,11,368.99
1907,3,1,28,371.21
1263,2,1,14,328.07
3547,1,2,5,656.68
1423,1,1,85,238.34
1858,3,3,100,314.87
2058,4,2,8,512.65
2217,5,2,13,511.88
1287,3,2,22,336.59
2458,2,2,7,534.3
1402,3,2,30,348.16
1516,1,3,1,417.28
1553,2,1,33,321.06
1282,3,2,19,334.59
1339,2,2,14,357.43
2324,3,2,13,538.31
2885,3,2,100,402.77
2777,3,2,19,544.52
1572,3,2,24,364.64
1874,4,1,9,489.47
1678,3,1,7,440.51
698,3,2,2,318.6
2889,4,1,5,631.66
1344,3,3,7,419.43
1967,4,2,95,361.25
1388,1,3,7,399.29
2637,1,1,49,390.22
2230,3,2,3,571.33
2298,3,2,9,526.86
646,5,2,22,322.98
2122,3,1,7,519.46
2568,3,2,3,631.11
1951,1,2,80,299.4
2155,5,1,28,470.6
2078,5,1,21,464.9
2259,4,2,27,441.13
2518,3,2,41,423.56
1524,4,1,14,414.16
1872,3,1,7,431.38
2657,3,2,13,565.87
3137,1,1,10,593.01
1960,3,2,3,533.01
1215,3,1,28,289.59
1325,2,1,4,385.72
2267,3,2,8,523.94
986,4,2,4,366.49
2858,5,2,9,615.37
1740,4,1,42,363.77
3230,4,1,1,720.52
954,3,2,7,373.11
2803,1,3,80,406.24
2742,4,2,5,691.72
1966,2,1,41,353.77
2627,2,2,31,482.63
1326,4,1,11,392.14
1541,2,1,1,443.93
2095,2,1,48,372.51
1654,3,2,8,412.98
1677,2,3,11,421.06
1645,4,2,4,430.87
1219,3,1,2,384.04
1461,4,1,62,276.35
2551,2,2,16,512.7
2399,3,1,5,545.35
3180,2,1,24,569.56
2168,2,2,22,452.4
1659,3,1,8,476.54
2401,2,2,57,372.01
2798,3,2,25,565.56
2700,4,2,11,573.42
1736,5,1,7,460.85
2845,2,2,11,576.84
1616,4,1,4,449.63
1503,3,3,56,329.08
1355,4,1,2,439.87
2158,3,2,82,346.72
2001,3,1,2,503.23
2993,4,2,70,457.25
2323,2,2,15,481.69
1561,3,1,20,381.11
1517,2,2,13,339.69
1591,5,1,53,369.91
2807,1,1,12,520.3
1701,5,1,100,324.07
1986,4,1,62,354.07
1822,4,1,1,496.72
2898,1,2,45,471.91
1452,2,1,0,430.76
2689,2,1,37,451.86
3218,5,1,32,567.52
1517,5,1,15,442.31
2871,4,2,13,603.55
2861,2,2,0,634.82
1519,2,2,15,385.54
2654,5,2,3,663.41
2247,3,1,100,334.94
1548,3,2,94,250.62
2128,1,2,30,372.05
3128,2,2,6,639.0
1662,2,2,20,361.93
2043,5,1,100,296.42
1281,2,1,6,354.47
2305,3,2,8,467.25
1629,4,2,100,293.5
1216,3,2,15,410.76
1817,3,3,13,469.2
1367,3,1,70,273.35
972,3,2,11,345.88
2098,4,3,16,497.1
1773,3,1,20,388.81
3203,3,1,44,484.59
1864,5,1,5,546.75
1952,3,1,17,415.06
2029,3,2,0,576.5
626,2,3,3,338.33
1352,2,2,50,272.94
2664,2,2,12,531.44
1635,4,2,22,422.93
2310,4,1,4,561.93
2329,1,3,15,492.13
2265,2,3,7,508.21
1419,3,2,10,421.48
2127,4,1,49,376.63
1141,2,2,100,228.22
1673,3,2,22,391.09
1185,3,1,12,352.59
1668,2,1,39,316.7
2907,3,2,50,455.74
2120,5,1,3,529.23
1880,2,2,39,353.57
2565,3,1,30,441.25
2038,3,2,100,315.12
2581,2,3,34,428.39
1790,2,1,7,432.25
1126,5,1,27,322.29
785,3,2,69,243.53
2870,3,2,1,678.65
1554,3,1,3,443.8
2465,2,3,49,380.67
1166,3,1,50,277.92
2812,3,3,8,617.49
1747,3,2,28,366.92
1049,2,1,14,321.29
1571,2,1,11,378.04
907,3,2,51,270.14
1775,4,2,100,331.25
2620,5,1,3,656.0
1749,4,1,33,367.44
2136,3,2,36,387.21
1349,3,3,26,316.12
3218,5,2,2,730.81
2892,3,1,11,572.09
2120,3,1,8,500.81
2509,1,2,4,554.11
2410,5,1,47,440.27
741,2,3,86,202.94
2208,3,1,27,428.18
3171,4,1,35,529.73
1696,5,2,15,441.08
2905,3,2,19,557.14
2504,4,2,36,457.47
1765,1,2,100,288.88
1653,3,2,16,400.39
1796,2,1,3,429.52
1901,3,2,6,465.12
2881,4,2,18,531.08
2272,4,1,1,539.03
3423,2,2,57,482.43
1465,1,2,8,398.57
2546,1,1,3,531.34
2074,4,2,2,556.14
1388,4,2,43,312.9
1829,1,2,5,435.95
1275,3,1,61,302.66
1613,4,2,8,445.83
1661,4,2,6,502.0
1986,1,2,6,447.56
2771,3,2,17,500.68
1527,3,1,9,406.22
2220,5,3,5,621.64
3079,3,1,15,593.55
2288,3,1,15,457.63
1396,2,2,53,311.64
1840,2,1,7,419.79
2134,2,1,8,514.57
1410,2,2,3,413.68
2059,3,2,35,397.9
2718,4,2,7,600.1
1866,2,1,13,405.68
1630,1,3,19,331.89
2402,4,1,63,414.83
632,2,1,59,187.22
2626,5,1,42,464.37
1821,3,2,0,531.21
1438,3,1,18,348.13
2825,3,2,6,606.1
2168,2,1,0,535.76
1603,3,2,13,397.22
2326,5,1,0,604.37
1612,3,1,18,356.58
1892,4,1,5,503.71
2434,3,1,25,448.61
2914,2,1,20,514.0
2509,3,2,0,589.87
2219,4,1,28,409.8
3532,4,3,0,837.39
2573,2,1,9,553.38
2205,3,1,17,439.84
1783,3,2,17,409.61
1401,3,2,25,325.62
2629,2,2,9,542.64
2499,4,2,2,588.61
2325,4,2,7,583.83
2559,1,2,8,523.32
802,2,2,36,294.19
3343,5,2,4,755.18
1497,3,1,27,337.88
1474,1,2,6,383.23
2220,3,1,100,318.59
2956,2,1,59,399.93
1795,2,1,56,294.44
1841,4,1,9,431.31
2013,2,1,36,394.81
1666,3,1,8,410.35
1644,2,1,58,302.5
1805,3,1,1,501.69
1065,3,2,73,278.45
2600,4,2,24,489.62
2373,3,1,29,454.59
566,2,1,19,249.9
2068,3,1,22,423.78
1774,5,1,35,374.49
1512,3,3,5,437.91
2185,1,2,5,513.33
1670,2,1,57,323.34
2705,2,2,32,514.31
1690,2,1,30,345.74
1095,4,2,1,448.29
2201,4,2,14,514.21
2532,3,2,7,556.26
754,2,1,7,301.3
2622,3,1,7,571.39
1986,2,1,62,357.99
2506,3,2,37,428.25
1237,5,1,15,350.49
2188,5,2,24,522.11
2598,3,2,18,509.7
2046,2,2,12,452.51
829,2,3,7,302.69
799,5,2,63,288.19
1435,3,1,32,318.11
1364,3,2,23,351.63
1249,5,1,8,397.34
2727,3,1,0,635.13
1679,2,3,4,472.13
3030,3,2,99,414.16
2387,4,2,3,551.7
2806,2,1,19,499.47
1918,3,1,44,358.81
3314,1,1,26,497.17
2088,1,1,46,306.35
1422,3,2,7,395.48
1053,4,2,8,387.97
1887,5,1,24,430.83
2325,4,2,3,577.48
2457,2,1,27,407.77
820,4,2,12,339.13
1377,2,1,18,373.88
2894,2,1,75,410.93
2315,2,2,13,477.53
2778,1,2,86,422.28
2065,4,1,49,400.14
2632,1,1,75,387.53
2073,4,2,2,538.13
1818,1,1,1,441.37
1359,2,1,30,312.7
3352,1,3,68,466.11
1115,3,1,1,353.04
1052,4,2,34,290.19
1979,3,2,31,416.04
1220,3,1,3,422.14
2007,2,2,1,519.83
1809,4,1,18,398.5
1977,3,2,2,502.07
1313,3,2,42,305.87
2770,3,1,22,486.1
2021,3,2,9,530.05
2586,5,2,42,477.38
658,2,1,16,275.26
2606,3,1,4,548.18
2466,1,1,4,515.94
1927,2,1,18,437.12
2260,1,1,13,449.06
2033,3,2,15,475.35
3443,2,1,69,448.36
2155,4,1,13,452.09
3069,2,1,16,564.41
2690,5,2,46,484.97
1844,2,1,2,474.39
2182,3,1,15,479.4
2142,2,1,100,309.5
3365,3,1,39,496.84
1692,3,1,60,329.38
2533,5,1,18,535.8
2369,4,2,10,530.03
2262,1,1,22,439.55
1798,3,1,26,406.02
2310,5,1,11,526.51
1695,2,1,8,433.51
2033,2,2,7,475.6
2027,4,1,3,543.3
2397,2,1,75,336.46
2505,3,2,37,428.17
1927,3,1,0,534.81
2232,5,1,18,483.68
3323,2,2,56,489.15
1974,1,2,14,462.3
2118,2,1,5,474.4
2056,1,2,28,388.06
1852,2,1,9,435.55
2695,3,2,55,407.2
2813,1,1,4,535.55
2072,1,2,14,441.67
2534,4,1,79,389.11
1975,2,1,12,445.66
1368,2,1,7,350.16
3056,1,1,25,513.18
2340,2,2,3,509.89
3128,3,1,40,503.01
1534,2,1,21,352.11
1318,2,3,3,415.03
2407,5,2,13,548.72
2176,2,1,1,515.64
2470,1,2,17,475.64
2862,4,1,39,461.7
1783,3,2,19,456.63
2519,3,3,42,457.07
978,3,2,51,267.05
1956,2,2,24,400.34
1794,3,2,100,329.42
2228,3,2,13,498.16
1588,2,1,18,357.03
1635,4,1,50,329.95
2211,3,2,18,481.17
2140,3,2,25,442.42
1763,2,2,20,405.39
2224,3,1,52,373.76
2955,4,1,3,636.3
2220,3,2,42,387.2
765,3,1,6,297.46
500,2,1,18,262.69
2607,4,1,20,519.22
896,4,2,8,338.31
3820,5,2,18,697.71
1928,2,3,1,515.56
2017,3,2,16,465.94
1852,3,1,4,482.62
1871,3,2,41,375.23
2667,4,2,7,594.13
2280,3,2,8,560.22
3264,3,1,8,670.4
1133,4,1,9,391.02
2049,3,1,3,524.65
2427,3,3,4,573.02
2461,4,1,20,487.06
2580,3,2,0,618.4
2717,2,1,13,500.16
1732,2,1,65,302.53
2513,3,1,16,518.55
1088,3,2,58,271.61
1877,4,1,7,523.81
1451,4,1,37,339.99
2142,3,2,9,507.0
1915,3,1,23,390.2
1636,3,2,22,350.87
1328,3,1,21,309.76
1174,5,1,10,413.72
714,2,1,60,215.95
2795,2,1,21,539.32
2312,2,2,6,502.8
2065,3,1,5,495.23
2082,3,1,4,510.09
1382,4,3,85,317.13
2441,3,2,0,598.23
1186,1,1,6,355.62
1745,2,2,0,474.49
1935,2,1,30,369.85
1475,3,3,5,442.97
960,3,2,60,244.55
1298,1,2,0,388.74
2427,3,3,4,593.07
1426,4,2,48,340.51
1677,2,2,1,470.16
1127,3,2,10,366.24
1528,3,1,64,314.46
1930,2,2,36,357.07
1693,1,1,100,283.52
2163,2,2,96,360.81
1052,2,1,22,277.55
2740,2,1,1,627.82
1093,5,1,26,321.05
1647,2,1,21,339.58
2646,2,2,1,573.1
1788,3,1,8,459.37
2888,4,1,3,636.09
2102,3,2,16,486.14
1800,3,1,18,402.07
1803,1,2,45,338.94
1683,4,2,25,433.13
1992,3,3,39,387.36
1680,1,2,50,299.71
2289,2,1,8,499.79
2280,4,2,1,598.84
2305,4,1,60,419.02
1235,2,2,0,411.16
2332,2,1,15,456.11
2527,3,1,58,416.0
2231,2,2,0,532.62
1479,3,3,16,393.09
2161,2,1,60,317.2
2868,2,1,26,497.69
1468,3,2,29,351.21
1558,4,2,31,367.19
1971,1,2,7,403.94
1862,3,2,10,458.78
500,1,1,68,197.56
2495,2,3,10,538.58
2291,2,3,24,445.87
500,5,2,2,356.11
1375,4,1,2,451.66
1302,2,1,8,413.98
1855,3,1,6,471.92
1155,1,2,20,300.78
1747,5,2,38,387.27
1562,2,2,16,382.03
2277,2,1,0,549.72
1711,4,1,49,317.64
2217,2,1,51,387.43
1624,3,2,7,448.74
1771,2,1,0,449.42
1293,3,2,23,304.81
1943,3,3,0,559.69
1533,3,2,6,436.02
2102,2,1,51,352.72
2053,2,2,50,346.73
1432,3,1,37,333.56
2731,4,1,0,645.97
2942,4,1,4,642.96
2945,4,1,13,584.77
1995,3,1,2,513.9
2605,5,1,1,620.87
2496,3,1,31,421.62
1974,4,1,0,542.29
2580,5,2,10,590.99
2811,5,1,13,606.99
2542,2,1,12,477.69
1996,2,2,5,511.88
1421,3,1,45,255.64
1564,2,1,5,429.19
1400,4,2,13,427.47
1997,2,2,19,434.26
1498,5,2,0,502.37
2390,3,2,40,419.02
2400,1,1,64,355.34
1963,2,1,8,454.68
2822,4,1,5,667.5
1608,3,3,11,450.47
2116,2,3,29,389.85
1518,1,1,4,382.98
1916,4,2,11,464.41
2240,4,3,47,382.07
2591,4,2,37,482.86
950,4,1,18,297.04
1159,3,1,25,332.73
3510,2,1,53,473.28
1569,4,2,2,485.77
1492,5,2,87,321.97
985,3,2,34,282.26
1200,5,1,9,371.66
2574,4,2,6,617.38
1663,2,2,32,343.34
1618,5,1,4,473.1
1890,4,1,1,529.22
1731,3,1,14,383.02
1428,2,1,91,263.61
1703,2,1,5,442.19
2227,3,1,1,539.67
2618,3,1,34,448.54
2191,4,1,7,492.59
2044,5,1,84,370.94
3033,3,2,12,604.48
1236,4,1,11,380.69
2517,3,3,63,384.47
1676,2,2,53,322.0
2933,2,2,7,636.53
1645,4,1,22,411.47
2628,5,2,24,535.18
1530,5,1,28,375.15
2435,3,2,21,485.9
1890,1,1,7,426.92
1524,4,1,17,414.33
1650,4,3,7,472.98
2257,1,1,13,465.33
1363,4,2,39,352.21
3045,3,1,11,628.8
2498,2,3,27,457.12
2177,4,1,38,430.1
2047,3,1,6,477.28
981,4,2,2,432.38
2454,5,2,7,598.54
2525,2,2,7,572.84
1248,4,1,1,458.13
2052,3,3,1,523.87
2393,3,1,8,525.85
1483,3,1,13,365.19
2339,3,2,2,565.45
3183,5,1,8,665.69
3165,3,2,49,467.2
1237,3,1,2,399.82
1644,3,1,7,449.18
2124,2,1,100,314.79
1691,4,2,15,409.91
2963,4,1,27,541.78
2748,4,1,27,487.62
1590,2,2,0,450.73
2260,3,1,78,335.08
500,1,1,13,251.13
1665,3,1,7,401.34
2626,3,2,66,397.92
2198,2,1,43,354.33
2527,2,2,17,488.6
2560,1,1,22,444.68
1784,3,1,24,341.73
1975,2,1,45,357.57
2349,2,2,80,370.45
2199,2,3,57,367.73
1430,4,1,18,368.97
2766,5,1,10,623.47
1633,3,2,67,315.04
1735,4,1,0,494.78
849,1,1,22,239.99
3795,4,2,11,739.37
908,3,2,2,372.08
2709,2,1,50,426.39
2126,3,1,52,359.99
2182,3,2,13,482.0
2094,2,1,25,388.53
1504,1,2,12,366.44
1843,4,2,2,537.65
1961,1,2,9,434.19
1987,2,1,47,323.8
1491,4,2,17,412.41
2585,2,2,34,458.26
1509,2,1,29,292.15
2910,3,2,8,602.87
1466,3,2,4,420.03
2014,3,1,6,471.05
2701,3,3,34,517.06
2884,4,1,32,493.25
1819,3,2,16,395.79
500,3,1,37,204.91
2406,4,3,1,621.48
941,5,1,8,356.92
2049,3,2,49,375.93
1745,3,2,100,301.92
1724,2,1,40,317.96
1756,3,1,21,393.48
2317,2,1,2,566.03
1825,2,1,17,376.07
1944,2,1,10,454.4
2119,3,1,35,365.07
1913,2,2,65,319.53
2550,4,2,0,647.05
2880,2,2,12,546.29
2680,3,1,21,469.21
2175,3,1,1,532.85
2006,4,2,13,503.19
1739,1,1,4,429.96
2004,3,1,43,395.19
1683,2,2,18,365.2
1631,4,2,4,497.09
1366,3,2,2,419.97
2243,3,3,99,367.72
1020,2,2,15,296.99
1479,3,1,86,248.76
2390,2,2,24,451.0
2137,3,2,26,419.13
2797,4,2,6,647.63
3201,4,1,75,473.22
2779,4,1,88,410.11
1750,2,1,6,448.4
2788,3,2,2,650.71
1940,2,2,54,348.57
2755,3,1,8,562.65
1528,5,2,31,412.26
2056,1,2,45,366.67
1892,3,2,45,343.39
2681,3,3,28,468.22
1639,2,1,51,298.47
1747,1,3,3,448.19
1643,5,2,45,344.05
2066,1,1,31,383.98
2093,4,2,1,553.58
2577,3,2,1,615.46
2626,5,3,26,511.05
2205,4,3,39,434.55
841,1,3,13,292.75
2453,4,1,19,508.13
1829,2,1,14,422.47
2403,2,1,30,451.68
1435,2,1,0,424.03
800,3,1,7,340.22
2617,4,2,13,565.16
1974,4,1,6,498.8
2196,3,3,25,416.34
2794,2,1,46,459.8
2800,3,1,12,580.3
1327,4,2,46,375.48
1356,4,2,100,221.92
3351,3,2,22,637.2
1971,3,2,40,375.06
1795,4,2,48,353.98
2177,2,1,2,508.7
1166,5,1,3,444.45
1800,3,2,58,348.8
2809,4,2,26,526.8
1732,1,1,21,364.1
3844,2,2,27,609.11
1219,3,1,15,323.26
1071,3,2,7,336.95
1799,3,1,2,492.64
2001,4,1,1,546.45
2620,4,1,28,512.91
2644,4,1,22,498.1
3408,2,2,22,565.11
1544,3,3,6,450.26
1703,4,2,13,451.98
3211,3,2,19,618.69
2221,2,1,7,482.66
1704,4,2,16,429.68
1679,4,2,15,423.23
1654,4,3,40,391.76
1423,3,2,40,286.08
1847,2,1,2,474.83
1954,2,2,6,485.82
3117,4,3,23,573.17
2136,1,1,2,511.27
1646,3,2,0,490.31
2509,4,1,18,542.28
2531,3,1,100,351.11
2294,3,2,78,362.35
1289,2,1,0,420.05
2620,4,1,3,620.2
2344,5,1,87,357.07
1896,3,1,12,421.41
1321,4,2,13,402.01
2355,2,2,23,459.26
2423,4,3,40,450.11
1848,3,1,6,449.82
1530,3,3,53,303.95
871,2,2,72,215.85
1850,5,1,16,450.25
1291,5,1,8,437.7
1972,3,1,16,440.78
2682,3,1,40,469.4
1583,3,3,30,365.38
2481,3,1,2,578.9
2438,3,1,0,597.98
2443,3,1,72,381.9
1613,1,1,19,377.73
2967,2,1,12,558.46
2172,3,1,6,505.98
3547,2,2,42,542.29
837,2,1,60,225.03
1318,3,2,14,366.07
2981,3,2,26,536.76
1928,4,2,34,434.08
1980,3,2,0,526.68
2718,2,2,30,469.52
2010,4,1,17,473.15
2174,4,3,1,627.84
1760,4,1,13,418.96
2243,2,1,1,539.48
2715,5,1,34,494.49
2655,3,1,1,639.71
3121,3,2,5,628.32
2805,4,1,18,554.51
1284,2,1,10,372.04
1975,3,1,4,482.8
1596,2,1,3,436.39
1587,2,1,17,391.04
3348,4,1,1,712.86
2583,4,2,13,536.47
1599,3,1,24,384.09
1310,5,2,57,305.06
2655,4,1,18,520.3
2310,5,2,15,530.75
1733,3,2,1,523.3
2669,1,1,47,386.14
1336,1,1,12,395.77
2335,3,1,24,463.97
1499,4,2,12,430.59
1533,2,1,23,339.14
2644,3,1,18,533.31
2313,2,3,7,527.49
2773,3,2,94,412.05
2179,2,1,14,457.43
1673,3,1,15,390.91
1404,3,1,4,424.02
1469,2,1,18,332.07
2221,2,1,34,412.7
1797,2,1,2,437.9
1422,4,2,35,332.72
1842,2,3,1,512.59
1438,4,1,13,409.62
1510,1,3,18,331.92
1935,2,3,46,361.92
2818,3,2,100,378.21
1943,3,1,30,357.53
1983,4,2,34,430.93
2086,2,2,47,367.22
1583,3,2,9,432.68
1682,3,3,24,363.53
912,2,2,29,282.74
2264,4,1,39,410.29
1983,4,2,1,531.29
1950,3,2,9,509.54
3006,2,2,1,678.3
1890,4,2,7,490.01
2530,4,3,32,500.51
3177,2,1,68,419.73
1607,3,1,100,274.7
1454,3,2,4,459.39
2142,3,2,62,395.25
1292,3,3,16,364.12
2702,2,1,9,525.01
1233,1,2,23,303.61
1699,2,2,13,399.12
2684,3,3,57,457.08
1504,2,1,2,404.4
1309,3,1,2,397.72
1452,3,1,35,315.83
2270,5,2,4,554.16
3268,2,1,38,504.96
2222,2,2,19,446.08
2026,4,1,17,453.87
3001,2,2,11,541.25
1406,2,2,49,325.72
1677,2,1,3,416.2
1836,1,2,4,493.68
2408,3,1,81,380.8
2505,3,1,21,493.27
2071,4,2,15,468.47
1951,3,1,28,390.32
2009,3,2,1,518.66
3085,4,2,4,677.97
1348,3,1,18,337.59
1496,4,1,34,373.84
2457,4,1,40,448.31
1857,3,2,0,517.92
2609,2,1,50,425.53
1230,4,1,3,410.15
2032,3,1,13,425.36
2404,4,2,61,411.0
1658,3,2,65,296.59
1773,3,2,23,428.89
1453,3,2,2,429.45
1596,5,1,2,516.86
2165,2,1,10,468.99
1506,2,2,15,356.3
2603,1,3,10,507.28
2764,2,2,12,537.66
2135,1,1,7,494.44
1847,4,1,49,379.91
1897,4,1,76,318.6
1470,1,2,0,400.22
1438,3,1,2,448.23
1979,3,1,8,467.0
2667,3,2,6,585.99
2287,3,1,36,447.61
2101,4,1,3,541.21
2487,3,1,19,511.18
1086,2,1,71,224.99
1220,5,3,16,420.87
1337,2,2,60,271.54
2383,3,1,8,541.76
1722,1,2,54,312.39
2263,3,2,7,511.59
1260,3,2,2,414.86
2877,4,2,4,680.64
2122,3,1,26,410.08
1191,3,1,24,326.98
2169,2,2,9,496.78
2091,3,3,51,407.11
1396,3,2,0,469.33
3174,5,2,12,685.03
2199,3,2,45,429.71
1975,3,1,30,365.6
1911,1,1,27,342.08
1292,1,1,24,280.04
1500,1,2,19,373.22
1618,2,2,42,332.39
2072,5,1,17,513.53
2065,4,1,37,369.87
1701,3,2,1,502.32
2250,3,2,11,525.24
2374,3,2,27,419.24
2172,3,2,100,374.44
2995,1,1,27,458.29
2223,3,1,10,447.53
2208,3,2,18,477.75
1615,1,1,12,393.94
1987,3,2,98,325.5
2174,3,1,2,567.7
2229,2,2,18,457.68
2002,3,2,41,375.61
1593,2,2,20,362.12
1436,3,3,8,455.46
2554,3,1,13,508.27
1917,4,1,15,472.23
2513,2,2,12,525.51
1961,2,2,4,500.49
1790,2,2,15,428.7
1969,2,1,21,386.03
2513,3,2,9,561.14
2022,1,1,12,416.21
2898,2,2,31,526.08
2469,2,1,4,526.78
1627,2,1,15,386.08
1496,2,3,3,442.19
1308,2,1,74,269.88
1977,3,1,62,338.44
1907,3,2,44,326.35
1517,2,1,58,270.36
1628,5,3,9,490.56
2058,3,2,5,504.08
1091,3,1,39,246.59
1526,5,1,3,466.73
1232,1,2,20,263.16
1489,3,2,12,395.03
1742,3,1,35,343.56
1818,2,1,54,336.56
2230,3,2,24,433.7
2420,3,3,38,453.97
1849,5,2,49,381.16
2092,3,1,19,439.76
1657,3,1,11,439.86
1802,2,3,11,489.75
500,2,3,27,224.92
1751,2,1,43,296.66
1886,2,1,25,364.54
1665,4,1,45,348.75
2010,4,2,12,491.88
1681,2,1,3,430.19
2456,4,2,8,583.68
1873,3,1,11,428.41
2099,3,1,3,537.8
2296,4,1,7,540.16
2876,2,2,100,365.63
1951,2,2,23,396.51
2149,1,1,68,305.8
1277,2,3,39,319.83
1749,2,3,4,446.34
2406,4,1,26,456.88
2395,3,1,1,579.82
2271,5,2,4,568.8
1849,2,2,21,393.93
2491,1,2,15,457.96
1366,3,1,12,366.59
1744,5,1,36,378.77
1564,1,1,56,282.92
2682,4,1,7,577.27
2477,2,1,4,576.44
1803,2,1,22,352.62
1651,3,2,33,347.64
1205,1,1,39,247.23
2054,5,1,16,474.49
1870,1,2,5,463.72
1374,1,2,49,256.17
2409,2,2,15,463.23
1638,3,1,8,436.51
1881,4,2,28,367.24
1299,5,1,2,492.87
1118,3,2,37,306.92
1914,2,1,2,491.56
2408,2,1,25,416.84
1838,2,1,1,491.35
1583,2,2,27,360.29
1488,4,2,12,400.51
2322,5,3,6,602.09
2643,3,2,3,627.55
2400,2,2,15,479.9
1679,2,1,5,431.84
2076,2,1,4,483.96
2849,5,2,35,534.16
960,3,1,8,335.16
2605,2,2,51,406.68
3043,3,2,20,533.22
1891,2,1,10,487.7
2345,3,2,13,513.4
2299,4,1,34,443.91
2679,1,1,18,500.26
2273,1,1,33,371.13
1596,3,2,5,452.81
1941,5,2,14,474.92
2761,1,2,0,625.52
2246,4,1,8,521.98
1889,4,1,1,487.69
1742,1,2,100,313.86
500,3,1,67,177.84
1933,2,3,28,395.51
1425,3,3,16,391.66
1295,3,2,7,382.08
2703,1,2,27,432.82
1898,4,1,11,470.96
2314,5,2,0,642.88
2681,3,1,18,499.94
2525,4,1,5,617.56
2166,5,2,45,432.66
2543,2,2,1,631.43
1431,2,1,17,374.05
1028,2,1,4,325.86
2947,4,2,55,427.64
1821,2,1,16,380.53
2663,3,1,52,403.66
2482,3,1,0,590.0
2631,1,1,17,471.45
1380,1,1,54,250.81
1669,3,2,27,349.29
2525,5,2,28,514.94
2944,4,2,3,688.83
1593,2,1,14,334.9
2322,3,2,10,500.4
1738,4,1,17,399.59
2105,3,1,23,405.2
2550,1,2,1,567.94
1837,5,1,8,460.79
2705,2,3,27,487.68
2568,3,1,15,534.51
1391,4,1,7,403.75
2309,3,1,9,499.82
786,4,2,8,355.35
2159,1,2,16,471.67
1652,2,1,1,433.69
1225,3,1,59,271.28
1953,2,2,23,399.51
2020,3,2,29,417.86
2092,3,1,2,559.09
1805,3,1,39,351.61
2314,4,2,100,385.94
2660,3,1,32,493.61
1495,3,1,1,411.4
2048,4,2,3,575.67
2284,5,1,59,396.51
1812,2,1,11,415.51
1241,1,2,8,332.88
2714,1,3,29,447.81
500,2,1,18,245.26
2556,4,1,23,473.01
1896,5,1,19,392.38
2107,3,2,20,448.12
1713,3,1,8,450.91
2596,2,1,7,551.38
2661,2,1,24,484.34
1355,2,2,4,384.22
1968,4,2,17,444.27
1713,1,3,0,466.78
1395,1,2,28,303.35
1716,1,1,46,328.43
2534,3,1,16,481.07
816,2,1,5,326.42
2337,4,2,100,388.47
1157,1,2,1,390.93
1730,3,2,8,446.55
1502,5,1,45,350.83
2124,3,3,16,474.41
2167,4,3,26,478.23
3125,1,2,38,470.72
1174,5,1,6,390.87
1860,4,2,14,467.23
1303,2,2,53,300.05
2438,2,3,8,534.38
2316,3,1,33,442.16
1403,4,1,1,468.24
2854,3,2,7,603.5
2267,4,2,29,437.86
1755,2,1,4,414.11
2726,4,1,67,429.0
2572,3,1,0,641.44
1272,3,1,5,409.13
1849,3,2,71,311.68
1601,5,1,8,437.69
658,3,1,6,315.94
2112,2,3,10,502.09
1760,4,3,5,473.61
1400,2,1,35,283.59
2120,3,2,9,535.13
1458,4,3,0,506.08
2203,3,1,42,392.55
2392,4,3,16,488.63
1377,3,2,2,410.26
2184,5,2,6,582.24
2617,2,3,7,605.7
1089,3,2,26,272.08
2836,3,1,25,497.51
2852,3,2,35,485.41
1656,2,2,16,422.55
1217,3,2,5,420.62
2053,4,2,27,466.67
1994,3,2,19,426.36
1286,5,2,3,441.23
1714,1,1,0,437.55
1623,2,3,0,526.64
2070,2,3,7,505.64
1212,2,3,65,276.7
2129,2,1,68,335.79
1109,1,1,2,341.94
2035,5,2,29,450.34
1571,5,1,1,484.4
1563,2,1,8,410.05
2654,4,2,0,677.77
2372,2,1,4,554.15
2301,2,1,4,527.29
2545,2,3,32,483.97
2091,4,1,36,426.88
2483,3,1,16,493.99
2479,3,1,36,426.51
1922,2,1,71,319.49
1687,5,1,61,330.3
2114,5,1,14,507.42
500,2,2,12,279.81
1823,3,1,59,309.78
1972,4,2,23,438.35
2511,5,1,16,567.99
2468,5,2,25,516.87
1144,2,2,12,388.19
1359,2,1,100,248.92
650,3,2,2,343.78
1500,3,1,3,454.31
1295,3,2,5,380.54
2996,2,1,50,471.62
500,5,1,54,223.32
1502,3,1,18,372.3
2617,2,2,6,560.31
1908,4,2,9,490.67
2084,5,2,27,480.61
2439,3,1,64,399.58
2838,5,2,13,625.33
2251,3,1,19,497.83
2238,3,2,51,352.8
2236,3,1,26,406.53
2012,4,1,3,542.25
1581,2,2,15,379.27
3196,3,1,99,429.75
2223,2,3,21,447.58
1324,3,2,37,310.59
2553,5,1,16,524.18
2024,3,2,0,525.88
1164,3,2,13,339.6
1833,5,2,1,568.34
2856,1,1,8,543.73
1978,2,1,11,423.0
2319,3,1,33,399.9
1623,3,3,28,366.84
1744,3,1,2,467.65
1917,2,1,7,466.86
1820,2,3,30,386.81
2842,4,2,52,465.01
860,4,1,6,356.26
1411,5,1,0,462.14
3127,1,1,17,539.62
1938,2,1,13,439.82
2279,1,2,9,472.32
2468,4,1,52,431.17
2573,4,1,29,449.15
1891,5,1,18,435.72
2284,2,2,37,385.06
1839,5,2,24,407.8
1998,2,1,7,451.54
1998,4,1,60,365.18
1696,2,1,28,334.44
2855,1,1,14,530.67
1296,3,1,1,443.03
2076,3,1,30,398.64
1055,3,1,25,279.68
1317,3,3,28,297.83
1473,3,1,47,276.15
1996,3,2,10,483.32
1570,3,2,6,416.91
1582,2,2,12,367.04
2234,3,1,20,422.99
1825,4,3,58,394.77
1677,3,1,2,489.38
2728,4,2,10,602.74
1533,3,1,3,439.31
1060,4,1,30,258.58
1592,2,1,20,349.13
1823,4,3,16,448.74
2389,1,3,0,555.35
2184,4,2,2,563.46
844,5,2,12,371.62
1321,4,1,3,409.89
2415,4,1,12,548.72
2889,3,1,6,620.03
1932,2,2,41,368.24
2454,5,3,7,570.07
2472,3,1,4,583.57
1160,1,2,2,372.39
2025,3,2,3,521.94
1600,3,2,12,407.63
2937,2,1,4,626.65
1455,3,1,19,351.06
1770,5,1,62,334.42
1999,3,2,13,495.28
1801,3,2,30,373.35
3108,3,1,36,464.28
1514,4,1,100,307.5
1960,2,3,1,486.08
1522,2,2,3,415.9
1609,2,1,1,431.78
2652,1,1,20,462.69
1011,4,2,35,286.94
1371,5,1,34,332.9
2048,2,1,2,556.29
2057,1,1,78,297.19
1087,4,2,31,305.21
2495,3,2,48,435.96
1470,4,1,9,444.53
2177,4,2,80,362.58
2784,2,1,20,514.12
838,5,1,63,256.58
1613,2,2,45,350.59
1360,1,2,2,396.98
2054,2,2,5,473.9
2383,3,1,1,564.54
2482,4,3,6,628.8
2008,3,2,97,330.97
1906,4,1,0,522.45
878,2,2,4,327.86
1915,1,2,16,386.51
1667,5,1,1,529.4
1515,3,1,20,383.29
2037,3,1,20,421.39
1241,5,2,10,412.85
1919,3,2,0,525.61
2559,4,2,5,629.46
2198,4,1,5,556.51
2099,4,2,14,502.1
3034,4,2,1,678.11
2070,3,2,40,408.42
2279,3,1,13,459.06
1554,1,1,1,435.07
1341,4,2,22,393.0
1405,3,2,3,427.4
1956,3,1,4,489.79
1481,2,1,0,455.52
1636,4,1,33,341.71
2854,5,1,9,599.09
2548,2,1,33,459.39
2132,4,2,3,568.88
1467,3,1,34,318.42
2635,3,3,23,479.9
1673,3,2,100,275.06
1620,3,2,37,353.56
1399,4,2,4,437.85
1488,4,2,11,418.67
1119,4,2,23,344.39
3033,2,2,18,540.9
2152,4,1,0,581.87
1761,3,1,33,343.72
2429,3,1,4,572.38
1792,4,2,100,332.51
2128,2,1,34,398.42
588,2,1,9,298.07
2199,3,2,9,535.78
1840,4,1,5,520.25
2998,3,2,1,666.2
2091,4,3,8,493.02
2139,5,2,55,409.4
835,5,1,5,347.66
2495,3,3,0,639.8
1023,4,1,6,380.07
2176,2,3,6,514.18
2225,2,1,5,478.41
2766,3,1,66,389.17
1273,2,2,6,338.41
1325,4,2,10,400.63
2993,5,2,4,671.3
1954,2,1,96,299.02
2630,3,1,9,534.64
587,2,2,8,259.98
2234,2,1,80,349.51
1576,3,1,100,267.49
1846,3,3,15,467.78
1309,3,3,16,367.32
1767,2,1,0,436.35
1617,1,1,19,377.82
3754,2,1,8,714.85
2314,4,1,52,425.76
2423,1,2,8,493.23
2143,3,1,24,453.81
1921,3,1,5,470.85
1448,2,2,0,461.87
2769,4,1,1,646.06
2281,5,1,0,607.33
1263,2,2,0,364.31
1782,5,1,7,470.26
3146,4,1,38,516.73
2345,1,1,7,478.36
1549,2,1,1,413.47
834,2,2,100,210.98
1037,3,2,2,411.01
1095,1,2,56,217.34
1931,2,2,20,441.53
1539,3,1,76,263.08
1836,4,2,29,417.25
1799,4,1,22,392.41
2096,2,1,16,434.8
2004,1,2,36,333.93
2777,5,3,40,506.61
2351,2,2,6,517.06
1750,3,1,16,372.73
2136,2,2,11,475.09
2405,1,1,42,370.87
2291,4,1,41,396.07
2214,3,1,9,523.16
1595,3,2,0,464.46
1623,3,2,33,385.85
2747,3,2,15,526.48
2748,2,1,4,612.27
2970,3,1,10,591.09
1562,2,1,31,319.77
1634,3,1,0,467.3
1474,3,1,23,320.93
2089,3,3,1,563.89
2297,2,1,21,504.07
2943,2,1,5,610.11
768,2,1,46,228.58
2448,4,1,82,419.0
1485,3,3,17,391.43
2183,3,1,15,471.51
968,2,1,31,266.35
2444,3,1,8,508.77
2112,3,2,8,513.27
1994,2,2,41,378.98
2335,4,3,21,491.85
2780,4,3,3,637.4
2486,2,1,17,502.29
1551,2,1,59,283.92
2805,1,1,14,509.39
1536,3,2,2,442.7
2740,5,1,8,642.86
2337,2,1,26,416.95
1631,3,2,8,428.73
2979,3,2,21,517.73
1578,1,1,13,388.39
1182,4,1,4,448.18
2488,1,1,19,424.18
1427,4,2,100,298.69
661,4,3,28,262.35
885,4,1,5,341.5
2133,4,1,12,484.01
1887,1,1,12,433.35
2344,5,1,67,429.16
2189,4,1,5,556.96
1939,4,1,0,525.44
2075,2,3,83,330.55
1842,3,2,46,322.53
1929,2,1,21,380.1
2117,2,2,9,497.78
3585,3,2,2,768.12
2271,2,3,1,553.87
1863,2,1,20,392.16
1440,2,1,3,432.21
1992,2,2,10,461.21
1560,4,1,36,345.24
1716,3,1,39,292.55
1457,3,2,43,351.53
1228,3,2,4,356.72
2537,2,2,20,505.5
1084,2,2,1,381.46
2265,2,2,10,478.37
1904,3,1,35,359.72
2757,1,1,3,578.26
1557,1,1,23,293.03
2433,5,2,5,569.42
2705,5,2,72,449.07
2637,2,2,24,515.7
1153,3,2,13,343.91
1696,3,1,23,379.5
1812,5,2,63,382.69
1583,4,2,1,474.61
822,5,2,1,376.7
2802,2,2,1,596.74
2173,3,2,0,543.62
1237,5,3,43,317.55
2451,4,1,19,532.11
2016,1,1,32,359.79
2267,3,2,22,488.66
1190,4,1,4,405.16
2064,4,2,28,435.88
785,3,3,16,325.11
2182,2,3,13,480.34
2099,1,2,28,371.92
1964,3,3,6,524.25
2023,3,1,1,529.39
1639,3,1,43,343.36
2379,4,2,0,619.73
1840,3,1,4,500.04
2401,4,2,48,432.98
1929,3,2,4,493.77
1886,2,1,52,333.07
3401,4,1,2,700.88
1509,2,2,29,336.81
2737,3,1,22,512.76
2401,2,1,1,543.56
1221,3,1,51,279.28
1586,5,2,4,506.04
3318,3,1,4,727.39
2604,3,3,18,513.38
502,2,2,28,239.64
2175,4,1,18,459.18
1690,2,1,22,349.34
1398,5,1,100,299.11
1838,2,1,24,366.65
1138,3,1,44,248.57
2017,4,1,0,556.4
2643,2,1,20,504.07
2320,5,1,69,405.01
1601,4,2,6,469.87
2238,2,2,34,428.19
1902,1,1,1,466.48
1943,5,2,5,527.08
2128,5,2,6,553.16
1547,3,1,25,357.98
1825,3,1,32,375.35
2126,2,2,11,454.34
973,3,1,18,331.99
1096,3,2,11,347.05
1864,3,1,18,430.69
2473,4,1,78,395.19
1495,1,1,8,345.23
2039,3,3,14,458.76
1858,3,1,15,419.96
1768,3,2,13,439.19
2371,5,2,25,489.25
3305,3,1,29,540.41
3268,3,2,14,614.88
2163,1,2,1,514.04
1806,3,1,46,342.72
1846,4,3,22,442.48
1153,5,1,58,299.23
2265,2,1,5,536.73
1085,2,2,3,356.05
1891,4,2,0,538.88
2409,2,3,39,377.35
1975,3,1,21,389.27
1577,3,2,51,371.98
1975,4,2,16,505.72
1571,1,1,73,274.4
3163,2,2,12,583.38
2675,2,2,14,552.81
2152,3,1,9,484.21
2499,4,1,20,530.22
2381,3,2,0,586.99
2362,2,2,20,446.03
1703,3,3,22,398.36
1457,3,2,100,287.13
1351,4,3,9,419.3
2221,3,2,2,544.63
2369,3,2,2,609.5
2505,2,2,27,418.75
1437,4,3,52,341.07
2220,3,1,21,456.95
2028,3,2,1,521.71
1573,1,1,3,413.91
2632,3,1,15,504.85
2991,2,3,7,641.2
1818,5,1,100,306.12
2189,2,1,6,489.15
2415,2,2,6,539.94
2592,3,2,0,615.08
2516,5,2,26,533.37
1548,1,1,1,394.93
3056,3,2,62,474.3
1732,2,2,1,484.91
2402,2,2,23,492.94
2493,3,2,9,578.79
1954,3,1,10,467.8
2315,3,2,5,544.19
1867,3,2,49,358.75
1968,3,2,17,439.53
1790,1,2,25,358.15
1557,3,1,18,387.8
1678,1,1,38,313.04
2313,3,3,8,564.5
1046,2,1,23,272.18
1354,4,2,1,481.3
2440,3,1,54,401.46
1529,3,1,10,412.49
2169,2,1,76,321.05
1429,3,1,23,393.17
1436,3,1,23,358.8
1438,2,2,0,465.23
1903,5,3,100,396.03
2325,3,1,37,409.67
1269,3,2,39,298.51
1458,2,2,17,355.88
2005,4,3,67,377.71
1843,3,1,31,421.08
1871,1,2,15,431.54
2530,3,2,6,568.61
2783,3,3,15,592.67
1980,4,1,26,411.05
3961,1,2,15,664.79
3091,5,1,29,548.17
1368,1,1,56,236.69
2474,4,3,7,598.97
1714,3,2,8,452.1
2695,5,1,44,436.34
2070,5,1,45,400.14
2153,5,2,18,516.58
2649,4,2,17,545.4
2515,3,2,6,566.65
2137,3,1,12,465.76
1849,4,1,68,336.7
1807,3,1,5,451.17
1036,3,1,33,265.4
2011,1,2,24,384.13
2210,4,1,2,552.03
1148,4,2,29,302.62
1766,2,1,19,382.08
1116,4,1,1,422.82
986,3,1,81,253.93
1581,4,1,14,395.48
1924,4,2,49,376.92
2563,4,2,42,446.85
2499,4,1,87,346.5
1320,4,1,31,368.84
741,5,1,17,287.75
1862,2,2,12,440.05
2734,3,1,34,446.32
1464,3,1,77,268.26
1919,3,1,19,400.14
2197,4,1,54,356.08
2101,5,2,81,389.48
768,4,1,2,368.06
1627,3,2,27,392.83
2254,4,1,11,537.04
1999,3,1,5,486.18
2502,3,2,41,403.26
1284,2,2,2,389.63
3036,5,3,10,657.58
2167,3,2,90,300.31
2597,1,1,8,505.63
3183,4,1,45,487.8
2183,2,2,4,554.72
1919,4,1,12,484.0
2488,5,2,41,489.87
3415,5,1,4,727.08
2058,4,2,3,558.72
2277,5,3,3,605.84
749,3,2,25,292.19
2383,2,1,16,469.56
3818,1,2,7,747.62
2766,2,1,8,547.29
1624,1,3,34,316.22
1605,4,1,38,364.45
1265,5,2,4,473.43
1928,3,1,4,520.88
1767,3,2,14,424.74
1083,4,1,25,318.06
2459,1,1,48,373.64
1323,3,1,6,382.29
715,3,1,8,290.85
2577,4,1,33,496.18
1040,1,1,6,341.4
1389,4,2,22,372.69
1622,2,2,6,411.37
958,2,2,23,253.04
2111,5,1,100,339.23
1662,2,3,34,354.87
1867,2,1,0,518.27
1716,2,1,36,327.12
1938,2,2,16,428.27
2499,2,2,13,516.64
3591,1,1,1,730.25
2402,1,2,61,405.53
2075,4,1,100,330.09
3234,2,2,17,580.62
1020,3,2,32,279.97
2644,4,2,68,426.95
2549,5,1,49,444.41
2199,3,1,20,442.92
2528,1,1,17,487.61
2749,4,1,25,473.95
626,2,1,14,232.53
1471,4,2,41,348.45
2198,3,1,10,521.84
1746,4,2,4,506.98
2655,1,1,4,522.88
3073,4,1,48,481.18
1672,3,1,75,280.08
1382,2,2,8,347.14
1814,2,1,3,443.12
877,2,2,5,348.93
1925,1,2,3,480.12
2061,4,2,16,438.54
1890,2,2,24,403.23
1918,3,2,0,524.66
3091,3,2,88,435.19
2096,3,2,40,394.41
1839,4,1,16,468.08
1909,5,2,37,408.4
1267,2,1,21,334.58
2049,3,1,0,567.3
1160,2,1,59,231.48
2317,2,2,41,385.06
2397,4,1,45,408.43
2685,3,2,30,440.16
799,3,2,15,306.66
3161,2,1,52,429.59
2632,2,2,46,419.79
2459,3,1,27,439.11
2318,2,1,71,339.99
2745,2,1,10,539.45
1075,3,2,19,309.87
2127,3,3,1,536.52
2784,2,1,12,514.6
2884,3,1,29,508.22
2444,5,2,45,419.88
1374,2,2,7,374.32
2819,3,3,75,434.9
1811,3,3,28,399.72
2121,4,3,54,380.5
1552,3,2,6,451.12
1746,3,3,67,300.64
1928,3,2,4,488.32
1849,3,2,4,484.05
1359,3,1,1,430.53
2021,3,1,10,478.85
3003,4,1,24,524.01
1499,1,1,9,368.92
1418,3,2,4,411.76
1414,3,1,46,291.37
1930,2,2,37,354.85
1804,3,1,19,385.28
1989,1,1,84,278.68
1656,5,2,5,531.68
1964,2,2,1,503.3
2517,4,2,1,609.36
1624,3,1,26,355.22
1683,1,1,26,348.1
2175,2,1,13,456.92
2648,3,1,24,443.66
1834,2,1,34,353.41
1877,1,1,23,372.83
1755,4,1,18,422.35
1257,5,3,17,435.91
2150,3,3,36,403.88
2020,4,2,71,371.87
1834,5,1,12,498.35
1242,3,1,5,377.99
1115,5,2,46,297.7
2439,5,3,12,582.58
2512,2,3,23,490.58
1496,3,3,11,410.32
2032,1,1,20,388.32
1364,2,1,7,363.74
1956,3,2,33,405.5
1900,3,2,100,300.5
1404,2,1,11,370.73
2854,4,3,41,508.54
2027,3,3,15,476.36
2405,4,2,7,553.8
2116,3,1,17,423.3
2051,1,2,23,392.07
2752,3,2,99,381.44
2746,5,2,16,576.73
2659,3,2,8,608.72
1033,4,1,3,400.09
2049,4,1,0,535.22
2391,5,2,23,530.46
1539,3,3,11,429.72
2108,3,1,2,558.36
2734,3,1,3,611.7
2255,4,1,46,407.5
2127,5,2,32,443.93
1704,2,2,62,293.11
2920,2,2,0,700.4
598,3,1,4,331.11
3381,2,1,80,480.84
2535,3,2,3,622.02
1965,3,1,44,381.58
2228,3,1,34,429.56
2624,2,1,48,423.82
1777,1,3,24,387.78
1363,2,2,9,396.96
1538,2,3,5,469.26
1261,5,2,92,305.48
2830,3,2,8,616.67
1917,4,1,0,481.09
1866,3,2,44,337.45
2903,3,2,7,600.22
3171,2,1,41,479.13
2016,2,1,12,486.78
2204,3,2,11,514.96
891,3,3,0,384.14
2940,3,2,10,584.78
1428,3,1,11,379.7
2020,1,1,28,355.26
1150,4,1,7,369.55
2779,4,3,5,633.42
2260,2,1,1,556.85
761,2,2,32,237.72
2769,4,1,47,445.9
1840,5,2,15,454.97
2950,3,2,0,680.3
2470,4,3,7,560.15
1154,2,2,11,359.65
2169,2,1,1,554.11
1680,3,2,12,433.25
2270,4,2,38,462.67
2210,3,2,18,499.07
2337,3,1,35,442.89
2166,4,1,36,408.25
977,2,1,92,206.86
2378,3,2,21,484.97
1746,2,1,25,416.12
911,1,2,100,208.98
2427,2,1,28,446.93
500,5,2,6,348.47
2721,3,2,5,612.0
1404,3,2,43,331.08
1295,1,1,35,271.63
795,3,1,26,238.29
2821,1,3,14,518.9
1330,2,2,19,315.91
3329,2,1,39,524.92
2117,5,2,4,542.83
1096,2,2,8,355.64
1881,5,1,2,499.42
2031,3,1,12,456.72
1536,2,1,10,376.14
2381,2,2,75,384.0
1723,2,2,15,381.65
1828,4,2,3,554.09
1342,3,1,45,286.6
1767,2,1,66,287.29
1756,1,2,6,453.36
1545,2,1,9,397.43
3043,3,2,28,521.77
1735,3,2,14,435.46
1399,3,1,28,308.86
2397,2,1,83,338.67
2481,5,1,14,559.56
2044,1,2,49,332.18
2659,4,1,68,408.91
1973,2,2,18,424.56
1571,2,1,30,339.44
1170,3,1,6,365.46
2009,4,1,17,425.02
1774,2,1,11,442.97
2460,4,1,0,624.48
1707,2,3,19,407.43
2414,1,2,4,535.86
2735,2,1,55,448.92
2691,3,2,11,606.2
2895,2,1,30,466.12
2310,3,3,0,608.75
734,3,1,66,222.32
2221,2,1,41,372.38
1424,2,1,48,257.99
2292,4,3,10,572.39
2625,2,1,8,508.8
1903,3,1,16,458.35
2503,4,2,48,418.5
2550,3,3,1,623.88
2026,2,2,10,472.17
1925,5,1,97,337.26
2621,3,3,5,601.08
2668,3,1,15,544.6
1679,2,1,12,410.36
2043,3,1,61,325.46
2035,3,2,17,459.36
2461,2,1,2,540.58
1664,3,2,32,389.47
1807,4,1,16,431.89
1545,3,2,16,331.06
2259,4,2,20,500.06
2143,3,1,48,367.68
2041,1,2,66,270.2
1423,1,1,7,379.49
2259,4,2,13,505.58
1607,1,2,4,409.7
2165,1,1,1,500.2
1818,3,1,31,365.69
2560,3,1,11,510.76
2787,5,1,8,608.43
2833,2,1,28,488.23
500,4,2,7,293.37
2384,3,1,5,571.31
956,4,2,100,279.51
1546,1,1,15,356.64
1847,1,2,5,444.68
2409,5,1,18,520.84
3228,2,2,33,508.79
2663,5,3,54,448.66
3268,3,2,0,713.3
1567,5,1,5,478.84
1726,2,1,11,401.14
2040,3,1,0,539.54
1604,4,1,100,306.23
2234,3,3,9,515.26
2663,3,1,21,494.41
2628,3,1,2,609.05
1305,3,1,10,388.66
3001,4,1,34,508.91
1749,3,2,9,482.54
2829,2,1,9,559.61
2601,5,1,7,627.94
2393,4,1,10,535.36
1288,4,1,29,317.91
2412,1,2,25,448.43
2230,4,2,35,435.92
2229,3,1,16,467.47
2151,4,1,4,553.39
1860,3,2,9,468.97
2083,4,2,21,452.48
2336,3,1,39,406.26
1721,1,1,6,394.51
1928,3,1,24,422.82
1813,1,2,32,364.72
3166,2,2,23,535.37
2121,2,1,56,349.96
1840,3,2,20,414.41
2404,2,2,10,522.08
1935,4,3,23,445.15
2949,2,1,11,616.87
2616,5,3,47,497.27
2829,3,2,33,491.87
2686,5,2,79,430.88
1851,4,3,6,501.94
1680,1,2,20,315.62
1508,1,2,4,438.34
1591,3,2,1,455.87
1608,3,3,13,441.57
1572,2,2,8,386.0
2130,5,2,53,421.38
1937,4,2,9,482.53
1536,4,2,34,342.53
2557,3,2,8,538.91
1828,4,1,100,317.12
1145,2,2,7,396.98
1112,5,1,39,295.19
2158,2,1,11,480.83
1901,2,2,36,322.97
2074,3,2,24,415.73
1942,2,1,30,374.49
2252,3,1,20,514.89
1798,2,2,7,434.98
2477,2,1,36,429.1
2209,3,1,0,553.54
2177,1,1,49,353.67
1748,3,2,35,322.83
1933,3,1,19,431.15
1979,2,3,13,453.44
1727,1,3,38,348.45
1211,4,2,1,453.73
1532,3,2,10,384.5
1087,2,1,0,385.49
1928,2,1,5,476.55
2697,3,1,59,423.11
1540,4,2,40,365.32
1976,3,1,100,293.4
2328,2,1,2,532.56
1324,3,2,8,360.32
1179,3,2,3,401.84
1719,3,1,4,456.75
1584,4,1,93,311.32
1988,3,2,19,466.39
1731,3,1,30,380.75
1541,2,1,6,427.45
2865,3,1,33,468.14
2373,2,1,0,565.4
2246,2,3,18,501.68
3523,3,1,10,640.57
2316,3,2,4,587.46
2439,2,2,7,532.96
2534,1,1,7,509.09
1461,2,2,2,429.82
2366,3,3,6,564.36
1699,2,2,7,401.51
1660,4,3,34,384.13
2955,4,2,6,659.42
1515,2,1,92,289.0
1788,2,3,3,488.91
1481,1,1,12,362.18
1626,5,2,24,378.27
2392,5,1,33,438.19
2094,4,1,3,542.78
2460,4,1,23,484.02
2623,4,3,17,601.66
1945,3,1,29,389.7
1282,4,1,13,352.2
2022,4,3,84,384.38
1818,4,1,60,333.62
2404,1,1,18,453.69
1932,3,2,23,390.67
2317,4,1,13,510.05
2184,3,1,7,465.22
1990,2,1,27,375.94
618,1,2,9,272.4
2477,4,1,12,522.31
1518,3,3,8,424.68
1215,3,2,16,380.27
1485,2,1,50,328.13
2048,5,2,77,346.67
1080,1,1,2,349.39
1588,2,2,23,357.75
1990,3,1,67,352.12
1608,1,2,12,361.51
1905,1,2,32,358.83
1225,4,2,9,394.99
1620,4,1,38,343.47
1822,4,3,8,480.02
1792,1,2,34,327.21
2864,4,1,24,529.27
3031,2,1,100,424.71
2085,1,1,22,371.51
1266,3,1,34,308.36
2012,2,1,26,397.49
1535,5,2,20,393.45
2727,3,2,11,528.83
1819,4,2,57,372.91
2107,4,2,7,520.81
2206,2,2,5,532.44
1414,3,2,2,425.44
1624,3,2,9,425.1
2138,3,2,6,519.54
2726,2,1,39,421.96
1615,4,1,6,403.81
1139,5,2,10,405.77
1443,2,1,21,339.85
513,1,2,13,216.84
2174,5,2,5,560.48
1415,2,3,25,332.03
935,3,2,18,324.08
2486,3,2,16,502.82
1772,3,2,22,391.54
1561,3,1,18,408.46
2764,4,1,19,541.5
2218,5,1,18,483.41
2798,4,1,39,491.41
2577,2,3,41,447.95
500,3,1,35,204.4
1726,3,2,0,493.74
1484,4,2,55,299.93
2489,2,1,13,485.92
1910,2,1,18,418.52
2283,3,2,22,443.07
2067,1,1,15,406.47
2453,3,1,1,603.02
1481,4,1,2,427.46
1951,3,2,36,399.26
2501,1,2,1,550.57
2104,2,2,0,538.2
1522,4,1,64,295.19
1313,3,1,53,304.54
2557,3,3,49,423.39
2627,5,2,0,663.14
1718,3,1,27,328.36
1491,5,2,38,375.88
1970,3,2,20,456.75
1120,4,1,25,287.35
1777,2,2,13,439.23
1158,2,1,86,221.27
2389,5,2,23,529.05
2209,2,1,21,386.92
1539,3,1,90,284.26
1711,2,3,36,347.5
1643,3,2,63,354.61
1361,4,1,43,326.28
1601,3,3,29,369.27
1962,3,2,2,512.89
2139,5,3,6,578.38
2104,2,1,8,493.34
1800,1,1,5,414.41
2681,2,2,22,467.92
1366,3,2,3,413.21
1582,2,1,17,354.62
1967,3,1,11,472.22
3266,2,1,42,436.36
1512,3,1,3,428.27
947,2,2,15,288.35
2631,3,1,100,378.25
1701,3,2,3,481.87
1907,2,1,88,281.3
1960,2,1,15,410.74
2412,1,1,7,495.21
1034,3,1,48,257.18
2193,2,1,24,380.68
1346,2,1,20,317.73
1868,4,2,37,397.29
1545,3,1,1,502.99
1588,4,2,35,320.37
1446,3,2,0,445.86
500,3,1,39,187.75
2389,2,1,37,375.68
2605,1,3,5,539.77
1570,3,1,5,409.06
2434,3,1,8,534.4
1599,5,1,0,478.47
1768,3,1,92,302.36
1664,4,2,11,483.91
2337,1,2,35,371.55
2449,5,1,68,449.65
1802,2,1,2,461.67
2166,3,1,9,473.62
2764,2,1,23,488.33
2624,3,1,18,534.81
2775,2,1,15,524.9
1307,2,2,3,430.4
1762,3,2,6,489.49
827,3,1,22,283.68
3258,3,1,9,641.58
1023,3,1,3,385.89
1225,2,2,7,368.72
2256,3,1,69,346.17
2782,1,2,43,446.21
1869,2,2,43,291.84
1528,2,1,10,392.92
2126,1,2,41,360.06
1874,1,1,88,279.47
1234,3,2,59,249.94
2973,2,2,100,390.7
1767,2,1,4,444.17
1652,2,2,29,361.83
2341,3,1,14,525.53
2039,1,2,38,367.69
2109,4,1,1,552.96
2720,1,1,100,407.95
2096,5,2,9,541.4
1747,5,2,3,521.57
1966,3,2,18,421.76
1952,3,2,2,520.86
1949,3,2,19,426.1
2095,3,1,1,537.13
1831,4,1,69,345.61
619,4,1,26,251.37
2812,1,2,16,527.02
1892,4,3,10,470.51
2178,2,1,10,454.48
1928,2,1,14,427.98
2272,3,2,31,424.97
1934,1,2,1,461.34
2134,5,2,30,453.88
1351,3,2,12,425.08
2312,5,2,30,457.98
2807,3,1,7,585.72
941,1,1,39,224.5
2395,3,1,0,584.93
1921,3,1,12,449.28
1707,2,2,18,358.22
1374,3,1,48,303.57
2112,2,1,88,333.09
2376,2,2,26,442.38
1813,3,2,45,333.46
1601,3,1,6,420.08
2182,3,2,32,406.96
2853,3,1,54,435.57
1992,5,1,46,416.92
1670,2,1,8,449.78
2081,3,2,16,456.14
1477,4,1,26,346.7
1581,5,1,57,346.94
3161,1,3,44,511.14
3029,4,1,9,637.85
1244,3,1,62,306.72
2369,3,2,18,517.77
1523,5,3,16,434.28
2632,3,3,5,588.45
933,4,1,20,306.59
1310,2,2,30,328.92
2893,3,1,48,418.95
2482,4,2,21,500.56
2607,2,1,76,398.99
2792,2,1,0,604.49
1917,2,1,3,481.38
1701,1,2,51,316.72
3007,3,2,100,438.94
1182,4,2,13,390.28
2714,2,1,54,395.06
1437,4,2,2,481.7
515,4,1,20,232.88
1714,4,1,0,483.59
1295,2,1,0,430.25
1904,5,2,11,491.74
630,4,2,32,290.73
2168,3,1,43,390.51
1989,5,1,15,512.36
3496,3,2,12,692.81
1806,3,1,8,434.41
2009,3,2,10,488.89
2889,2,2,30,481.19
2172,2,1,93,361.24
1763,4,2,23,431.04
2129,2,1,50,337.14
2549,3,2,7,555.52
1607,3,1,74,266.61
1460,2,2,56,274.69
2730,2,1,60,389.92
2059,3,2,56,359.0
2554,5,3,4,654.9
2004,4,1,12,481.01
1987,2,2,11,437.37
1457,3,3,78,275.37
1803,1,1,1,485.94
1843,4,2,4,547.59
1504,2,1,23,346.41
991,1,2,4,287.78
2093,2,1,1,477.87
1703,3,2,66,303.3
1519,3,1,12,362.97
1333,4,1,1,455.42
2439,5,2,33,492.01
2988,4,1,22,542.47
1188,2,2,45,271.23
2543,3,2,24,505.07
3013,3,2,36,530.36
2221,2,1,4,508.79
2594,4,2,79,407.6
3148,3,2,7,659.44
1931,1,1,18,388.39
1369,3,2,9,445.73
1424,1,2,5,399.86
1521,3,1,19,392.7
2050,3,1,8,477.47
1892,3,1,13,419.55
2751,3,2,4,628.54
2277,3,2,0,567.63
2107,2,2,26,365.01
2265,3,1,47,373.86
1949,4,1,13,409.17
2071,2,1,9,461.08
3176,4,2,85,454.44
2081,4,2,23,431.15
2186,4,3,6,540.59
1667,4,1,17,424.26
2141,3,2,30,444.47
1672,3,1,8,452.69
2022,4,2,9,507.55
1791,5,2,3,551.45
1748,3,1,5,431.84
2017,4,2,21,454.22
1342,5,1,96,279.11
2513,4,2,15,506.03
2515,5,1,3,616.54
1751,2,2,1,482.95
1609,3,2,17,386.22
1805,1,3,50,328.73
1977,2,2,2,482.71
2618,3,2,29,466.16
2386,2,2,1,546.5
2657,4,2,25,498.68
1112,4,2,25,349.1
1215,3,1,27,310.84
1803,4,2,3,479.15
2224,3,2,8,510.31
2407,4,1,8,521.99
1454,2,3,5,443.51
2210,3,1,81,346.24
2497,4,1,43,452.26
1835,5,2,0,586.21
2823,5,1,34,496.75
2450,3,1,58,359.69
2078,3,2,15,460.83
2608,5,2,3,723.5
1063,2,1,39,274.7
1804,2,1,22,340.6
1615,2,2,29,323.59
2566,1,2,11,525.99
1723,3,1,11,415.89
1428,5,1,23,385.62
777,2,1,35,228.64
2472,3,2,57,398.72
1193,4,1,54,287.08
1996,5,1,3,534.94
1038,2,2,28,275.23
986,3,1,57,271.79
1710,4,1,2,534.74
1289,3,2,7,388.44
1193,3,1,23,306.97
2951,5,2,71,481.44
2534,4,2,4,586.41
1642,2,1,63,301.77
1847,3,1,8,475.44
2741,2,2,21,510.14
2249,3,1,2,565.47
2960,3,1,5,643.68
1439,1,1,46,291.34
2041,3,1,35,374.14
2479,4,2,3,614.23
1527,3,1,21,408.28
2242,1,1,9,431.8
1758,5,2,14,435.88
3552,3,2,13,703.19
2162,3,1,63,398.36
2660,2,2,1,602.13
2028,3,1,0,542.66
1491,3,1,44,302.88
1019,3,2,57,248.49
2693,5,1,34,510.69
1292,3,1,14,392.24
2046,2,1,17,400.3
2744,1,1,8,533.92
2093,2,2,27,438.07
2106,3,2,12,489.53
1778,3,2,29,413.89
2272,3,2,27,421.11
1057,3,2,2,384.83
2102,3,1,12,456.19
2680,2,2,2,623.07
840,2,3,20,291.94
2624,3,2,4,580.45
1857,3,1,7,442.35
1964,2,1,12,424.74
1815,5,1,34,380.68
2100,3,2,59,353.4
1413,3,2,9,429.06
2806,3,2,12,599.62
2700,3,2,70,410.95
1775,2,1,0,474.36
2052,2,1,34,371.68
1331,5,1,58,315.42
1814,3,2,23,431.93
915,4,2,24,319.53
2204,1,2,34,395.24
1721,3,1,100,311.27
1254,2,1,29,307.38
1858,3,1,87,323.45
2402,4,1,22,500.43
3140,5,1,14,606.77
1961,1,2,15,427.83
2329,2,2,5,511.43
2744,2,1,23,488.97
1943,1,2,23,410.98
2723,3,2,5,578.55
1971,3,2,4,536.02
1303,4,2,90,288.32
2285,1,3,27,390.32
1724,2,2,13,403.84
2773,3,1,50,415.24
2673,2,1,30,459.98
2220,1,2,1,540.47
2013,2,2,11,466.86
1527,2,1,29,327.31
2313,5,3,19,541.2
2009,1,1,26,394.72
2514,4,1,1,623.26
2334,4,1,23,472.47
2235,3,2,20,436.4
2265,4,2,10,527.34
2153,3,2,44,389.8
2699,2,2,87,374.53
2151,1,2,36,389.82
1254,3,2,0,422.88
500,5,1,1,363.97
1305,3,1,29,349.83
2079,1,1,9,446.6
1242,2,1,34,269.47
1584,2,2,16,421.4
2531,3,3,7,600.52
2256,5,3,32,455.1
2973,2,2,22,521.88
2245,1,1,8,479.05
1892,4,1,100,284.56
1990,1,1,50,316.94
2702,2,1,2,591.35
2844,4,3,3,643.57
1934,4,1,1,534.33
1962,2,2,1,499.02
2583,3,3,6,632.74
1593,2,2,31,351.21
1264,1,1,31,281.91
2000,3,2,6,484.38
3505,4,2,25,613.13
2407,4,2,3,581.27
1515,3,2,14,424.42
1979,3,1,59,338.43
2184,3,3,75,367.2
2147,2,1,66,362.25
1972,3,2,15,486.38
1955,3,1,34,360.87
2495,2,2,8,571.43
2592,3,2,47,459.85
990,3,1,11,323.19
1374,2,3,52,306.63
2475,2,1,16,494.41
2297,2,2,34,449.13
1906,1,2,8,467.4
2322,2,1,2,534.34
2693,1,2,90,409.04
3094,3,2,4,625.95
1854,5,2,9,510.37
2432,4,1,27,455.31
2624,3,1,45,427.33
2930,4,2,7,648.18
2570,3,1,59,384.17
1589,5,2,37,372.01
1200,2,2,26,282.99
2043,4,2,47,357.51
2177,3,2,0,535.92
2478,2,1,6,549.3
2103,2,1,3,464.04
2696,2,1,42,434.83
2439,4,2,39,416.44
2938,3,2,3,650.17
1525,2,3,21,387.32
1131,1,2,46,265.78
2755,5,2,3,660.83
1821,3,1,83,309.18
2304,4,1,6,522.51
1845,2,1,5,452.23
1105,1,1,17,285.94
2580,4,1,0,624.82
2162,1,2,24,409.23
2094,2,1,3,497.08
1743,2,1,5,429.83
2749,3,2,11,569.22
1609,3,1,10,429.58
2062,4,1,23,425.42
2552,2,3,30,439.71
1977,5,1,34,400.54
3044,3,1,36,499.36
2697,4,2,9,598.52
2401,3,1,10,545.28
2274,2,1,12,446.93
2697,3,1,25,494.91
3292,3,3,20,573.29
2133,4,1,17,466.59
3021,3,1,28,501.95
2270,2,2,2,581.46
1672,1,1,39,270.73
1548,4,1,14,428.56
1245,2,2,92,246.56
819,3,2,10,311.51
2686,5,1,19,523.3
1868,2,2,18,388.88
2092,4,2,15,479.01
2145,2,1,9,442.47
822,3,1,10,287.83
1786,3,1,4,461.01
1779,5,1,40,427.81
1107,3,2,14,343.84
1329,3,1,16,383.24
2146,1,1,12,474.19
1592,2,2,31,334.11
1470,2,1,35,313.67
2021,2,1,21,438.81
2976,4,1,25,550.91
2324,4,1,3,585.11
2354,5,2,30,450.4
1953,1,1,35,369.22
1745,2,1,11,399.03
1282,5,2,17,432.27
2409,4,1,52,418.01
1703,4,1,21,371.98
1995,3,2,18,445.15
2628,4,3,29,512.24
2493,3,1,14,498.9
1165,5,3,42,315.59
2902,3,3,11,585.32
1700,2,1,26,338.13
1677,4,2,0,500.39
2103,1,1,2,493.13
1548,2,1,65,250.6
2202,2,2,10,465.15
1420,5,1,15,398.44
2938,4,2,13,583.22
2088,2,2,29,425.08
2300,4,2,20,489.24
2051,5,2,10,525.27
2298,2,2,4,543.14
3208,3,2,9,640.0
2356,3,2,8,556.21
1853,2,1,1,485.46
2080,2,1,9,483.96
1464,2,3,22,341.08
2194,5,3,18,526.49
1760,4,1,5,466.15
1676,2,1,23,356.82
736,2,1,64,189.99
2705,3,1,6,564.79
1891,3,3,3,507.92
2566,1,1,100,374.57
1608,5,2,14,408.64
1413,4,1,1,453.73
734,3,1,18,280.36
1088,3,2,30,294.7
2007,3,2,8,500.65
2560,1,3,6,535.54
1571,2,1,23,382.19
1903,4,1,19,392.28
1726,5,1,21,426.49
2761,3,2,7,601.41
1719,2,2,51,297.68
1724,2,1,55,304.78
1556,3,1,7,424.44
2882,3,1,56,440.28
1525,2,1,8,403.57
2478,1,3,24,442.4
2650,2,1,3,579.77
1461,3,2,1,445.07
1225,5,2,21,380.05
2713,5,3,32,517.1
1542,4,2,16,442.79
1540,4,1,11,429.78
3473,4,1,47,522.76
2414,3,2,3,587.54
1548,2,2,18,347.46
1619,4,1,20,425.71
1124,3,3,12,363.91
1859,3,2,9,466.98
2150,2,1,9,488.16
1588,2,2,0,425.03
877,3,1,21,294.59
2261,3,2,20,467.11
1386,4,3,6,425.72
2000,5,1,27,425.28
2039,3,2,43,403.23
2563,3,3,12,572.54
1254,2,2,79,241.56
1867,3,1,9,471.53
1808,3,1,14,418.78
2237,4,1,7,515.97
2326,1,3,70,367.86
1000,5,1,1,424.19
3250,4,1,9,640.45
1525,2,1,47,302.69
1661,2,3,20,354.06
3275,4,1,28,577.87
1203,4,1,29,287.39
1536,4,1,16,426.01
2317,2,3,47,398.36
1740,4,2,13,467.34
3001,3,1,92,422.21
1546,2,1,59,265.81
1310,3,3,27,356.89
2011,2,2,17,425.13
2407,1,2,41,416.78
1942,3,1,50,354.63
1112,5,1,19,351.17
1113,4,1,52,276.68
2567,4,1,1,600.36
1893,2,2,24,408.52
2002,3,1,8,468.29
2093,5,1,5,535.72
2746,2,2,22,450.46
1678,5,1,41,361.94
2484,5,1,9,525.33
1863,2,1,13,405.42
2465,4,1,48,404.62
2016,2,2,15,451.4
1589,1,2,10,366.25
1945,4,2,9,483.1
1652,4,1,4,488.29
1460,2,2,26,329.5
2849,2,2,9,594.4
2292,5,2,12,564.35
1498,2,2,12,385.66
1982,2,3,7,507.92
2162,1,2,13,444.15
1857,2,2,4,443.0
2211,5,3,13,484.1
1663,3,3,57,342.84
1665,4,2,43,362.43
2416,5,1,37,458.48
1340,3,1,4,407.23
1496,3,3,1,475.21
2694,2,1,2,554.2
2288,3,2,29,459.42
1391,3,3,23,353.2
2078,2,2,1,549.3
2572,3,1,40,446.82
1183,2,1,46,276.96
2000,3,2,12,466.11
2520,1,1,21,453.71
1400,2,2,27,350.54
1803,2,1,4,427.75
2022,4,2,16,482.6
1425,3,1,29,334.49
2661,2,3,14,526.49
1547,3,1,51,294.83
1878,5,1,85,370.87
3298,2,2,2,685.83
1039,4,2,3,395.43
2508,3,2,38,429.19
2218,2,2,28,418.91
1428,3,2,0,478.52
2418,1,2,15,453.52
1930,1,2,1,502.85
1587,2,1,44,298.71
2302,3,2,26,425.06
1715,1,2,6,419.8
2315,3,1,32,434.02
2010,4,2,24,424.79
2336,3,1,51,386.97
2086,4,1,1,565.49
2486,3,1,2,546.79
2531,3,3,12,555.73
2488,3,1,66,402.47
2406,3,1,5,529.12
2108,2,1,41,361.92
1756,3,2,21,399.37
2436,5,2,92,400.61
2205,1,2,10,459.43
2269,4,2,65,412.97
1496,4,1,99,262.81
1695,2,1,14,381.93
2441,4,1,22,506.87
723,4,1,52,256.55
1795,1,1,15,391.52
2500,4,1,4,580.1
500,3,2,3,300.72
2228,5,2,12,542.26
1292,3,2,34,323.74
2239,1,3,19,456.43
2257,3,1,22,426.71
2643,2,1,13,529.33
2560,5,1,10,585.53
1577,3,3,1,473.57
2024,4,2,9,530.03
1824,2,1,8,427.71
1850,3,1,8,454.15
2370,1,3,19,477.1
1339,5,1,18,383.97
2088,2,1,19,443.56
794,4,3,28,288.23
982,2,1,6,314.63
1807,1,2,23,395.38
1667,1,1,20,358.95
2411,3,2,7,552.72
3039,1,1,24,476.65
2138,3,1,40,414.47
2842,2,2,8,618.27
1862,3,1,32,371.19
1400,1,3,1,410.92
1401,3,2,26,304.96
1263,3,1,20,320.55
2602,4,1,3,645.7
2670,1,2,0,590.59
1744,2,1,20,368.39
2115,3,1,19,443.2
2029,3,1,29,385.56
1714,5,2,3,488.69
2294,1,1,25,423.04
1698,3,1,94,315.11
2319,2,1,32,430.22
2021,2,1,43,357.58
2493,2,2,14,515.33
1786,3,1,100,347.38
2314,5,1,19,492.94
2026,3,2,21,440.99
2320,2,1,1,577.8
1574,3,2,7,445.2
1738,4,2,32,392.72
2217,4,2,71,374.77
2480,4,2,13,503.27
1304,3,1,9,406.16
1218,3,1,26,331.66
1983,2,1,11,422.16
1909,3,1,69,337.89
2110,3,1,17,441.66
1530,3,1,52,280.4
2396,3,2,31,417.15
1322,2,1,5,383.94
1678,1,1,17,353.96
1734,1,1,2,417.06
2494,3,2,31,447.16
2817,3,1,3,600.76
1419,4,3,16,400.7
3155,3,1,1,665.41
1942,2,3,23,394.52
1883,2,2,15,410.16
1126,3,1,3,374.99
2068,1,2,67,316.22
2618,3,1,25,455.86
1282,2,1,31,260.61
3686,3,1,1,752.76
2359,3,1,32,417.9
2022,2,1,26,390.03
2622,2,3,100,399.98
2761,3,1,31,459.21
500,4,2,12,315.14
2300,2,1,17,444.01
1831,2,1,45,336.41
2682,4,2,5,630.36
1321,3,1,10,348.03
1818,3,1,0,497.25
1851,3,2,2,499.79
1829,3,2,2,508.51
2242,4,1,51,384.88
2182,3,2,13,496.55
1992,3,1,14,467.82
3019,2,1,12,556.95
1482,3,1,55,335.13
3403,2,1,15,617.18
2764,3,3,32,495.0
2028,2,1,21,392.07
1897,2,1,25,375.0
1900,4,1,6,469.06
2015,2,1,9,446.25
947,3,2,9,336.82
1793,1,2,10,384.4
2045,1,3,21,380.16
1601,2,1,13,378.85
1823,3,2,27,385.07
1449,3,1,5,445.48
909,4,1,32,285.55
2204,3,2,21,483.99
1199,1,1,4,340.81
1839,3,1,18,391.12
1823,4,2,42,368.91
1500,4,1,100,277.5
2508,4,1,18,522.66
1400,2,2,15,336.88
1671,2,2,27,326.96
2005,4,3,11,515.58
2493,5,1,6,617.27
1956,4,1,15,461.8
1442,2,2,22,321.03
1796,2,1,8,402.9
2306,2,3,2,538.96
2496,1,1,43,406.01
2281,2,1,96,342.49
2478,3,1,26,444.61
1974,4,2,14,446.97
1648,2,2,18,390.85
925,2,1,38,267.81
2290,2,2,9,531.66
1527,4,1,72,298.42
1042,2,1,25,295.72
2493,2,2,11,525.38
1943,5,1,40,394.76
3074,4,1,25,546.62
1134,3,1,47,287.21
2368,4,2,22,535.43
1421,3,1,9,369.27
1539,3,3,39,346.82
2100,3,2,42,372.49
2237,3,1,52,422.23
2279,1,1,13,448.13
2001,5,1,16,446.57
2139,3,2,14,473.85
1935,3,1,59,360.6
1561,5,1,45,326.93
500,2,1,9,282.62
2423,2,1,69,336.14
2632,3,1,14,513.35
1847,5,1,87,343.85
1617,1,1,1,463.24
2751,3,1,35,437.73
2315,4,3,2,623.49
2072,3,1,18,426.81
1210,5,2,8,409.2
1622,2,1,0,469.24
1778,4,1,2,525.55
1473,1,3,35,297.73
1858,4,1,2,509.87
1381,5,3,43,344.75
2745,3,1,20,480.13
2485,4,2,0,637.51
2398,1,1,12,481.96
2190,4,1,38,377.6
2522,4,1,8,572.79
2427,3,1,16,490.72
2580,4,2,1,594.16
2252,2,2,34,405.32
2493,4,2,3,592.89
2859,1,2,18,503.14
1840,3,1,6,486.69
1799,4,1,5,488.1
1672,3,2,4,498.93
1324,5,1,2,419.76
2103,2,2,15,461.79
1742,3,2,45,356.75
1617,2,2,7,423.37
1389,3,1,13,360.63
2339,3,1,1,567.09
2076,3,2,0,539.55
1975,5,1,60,376.35
1635,4,2,23,364.09
2583,3,1,39,426.85
1213,4,3,28,354.9
2661,1,1,20,447.7
1649,5,2,96,344.41
1040,3,1,34,273.52
2301,3,2,47,424.08
2292,3,1,8,497.43
1826,2,1,1,448.66
2225,4,1,15,472.04
2468,1,2,15,470.16
838,3,1,48,239.38
1055,4,2,8,353.62
2336,3,2,32,447.89
1738,3,1,72,270.83
2661,3,1,2,574.41
2281,4,1,2,596.92
1433,3,1,31,283.2
1172,1,1,23,287.87
1928,2,2,6,491.77
2256,3,2,0,566.88
2435,3,2,7,519.4
2382,2,1,22,445.03
1313,3,1,18,306.4
2179,3,1,3,508.74
1662,2,1,12,371.39
1286,4,1,3,424.51
1489,5,2,7,434.07
1831,4,2,42,408.7
1852,2,1,7,407.34
2159,4,1,3,548.43
2627,3,1,35,475.83
1899,4,2,7,532.82
1164,3,3,64,304.28
1308,3,2,61,296.62
1901,1,1,29,393.67
1839,4,3,19,448.86
1532,2,2,38,338.54
2553,2,2,3,547.43
2067,2,1,25,415.0
3253,2,2,45,478.69
1757,2,2,20,366.22
1039,3,2,59,258.46
1807,1,3,100,317.69
2453,4,1,4,589.0
2028,4,2,32,407.36
2145,5,2,6,564.23
1895,4,1,18,432.88
2101,2,1,0,530.01
1891,5,2,0,535.5
1322,3,2,16,382.06
2019,2,1,1,501.22
1335,4,3,32,345.1
1290,3,3,39,312.89
1768,3,2,70,332.82
2221,3,1,7,513.42
2180,3,1,38,355.46
524,2,2,3,306.3
2143,3,2,12,513.35
1389,1,2,33,301.24
812,1,2,9,281.77
1014,3,1,6,357.59
2860,5,1,7,647.15
1485,4,2,22,370.97
2628,4,2,29,473.62
3425,4,2,38,539.01
2242,3,2,8,518.33
2078,5,2,0,618.71
2240,1,3,3,506.82
577,4,1,60,202.53
1622,3,2,2,481.84
2059,1,1,15,409.78
2254,2,1,13,508.88
972,3,2,49,221.23
3042,5,1,9,658.95
2869,3,2,17,571.37
2295,1,2,4,482.15
1817,2,2,33,347.07
2008,2,2,40,337.07
3086,3,3,1,706.27
2668,4,1,74,463.17
1199,4,3,2,436.64
1737,4,1,36,322.44
1037,3,3,32,327.78
1879,4,2,27,394.34
1545,2,2,18,382.63
2123,2,2,5,515.42
2173,1,1,7,474.16
1460,5,1,0,469.41
500,2,2,76,189.65
2911,5,2,10,663.51
2186,1,2,15,437.13
1924,2,1,15,425.36
1616,1,2,3,447.42
2372,1,1,5,482.35
3277,5,1,18,592.66
2605,3,2,28,483.4
1763,5,2,33,363.28
3053,3,2,38,506.09
1929,1,2,14,446.05
1600,2,1,46,296.26
1475,1,2,83,281.09
2680,2,1,10,547.86
1251,5,2,3,440.69
1973,3,2,29,400.66
2784,3,1,89,404.02
1424,3,1,11,373.36
2561,1,2,31,442.04
3386,3,3,46,544.12
2233,3,1,24,436.7
1292,3,2,18,345.0
2201,3,1,9,511.0
2167,3,1,20,468.19
1659,2,1,1,468.95
2267,5,2,25,508.83
2128,3,2,0,580.89
3027,4,1,6,668.31
1374,2,2,57,257.46
873,5,2,16,304.08
1999,3,1,33,364.3
1572,4,2,2,485.11
2078,5,1,74,366.29
1986,1,2,39,347.26
882,4,2,46,290.46
3181,1,1,27,510.44
1000,4,2,69,274.45
2543,5,1,25,522.93
1237,4,1,35,316.02
1448,4,2,23,342.55
2116,4,2,16,492.0
2682,3,3,19,560.38
2424,1,2,11,496.65
1398,3,1,5,420.18
2778,4,1,19,526.73
2565,1,1,4,563.18
1153,2,1,81,250.42
1374,4,3,34,328.68
1484,3,1,77,272.88
1587,4,2,3,433.87
1655,3,2,40,366.6
1850,1,3,30,377.87
1249,2,2,21,308.36
1809,5,3,1,581.04
2352,2,2,13,513.23
2248,2,2,15,427.49
1145,4,1,9,359.15
1989,3,1,0,544.29
2087,1,2,15,468.35
588,3,1,16,241.41
921,4,1,27,277.65
1759,2,2,13,427.09
1630,4,1,12,414.24
1148,2,1,52,304.84
1745,2,2,20,400.42
3177,2,1,12,595.4
2153,2,2,20,415.18
1901,2,2,36,379.56
1964,5,2,3,564.69
1150,4,1,0,440.81
851,3,1,6,322.91
1673,1,2,17,391.6
2605,2,3,44,468.36
2406,2,2,73,338.24
1573,5,1,20,415.3
2719,2,1,42,453.5
1522,4,1,42,320.93
1863,3,2,57,328.27
3253,4,1,21,590.87
1597,2,2,9,394.13
2586,3,1,19,491.28
1390,3,2,5,404.6
1576,1,2,100,280.08
2087,5,1,16,474.37
2168,3,3,15,493.7
1278,3,1,7,394.53
2671,1,2,8,543.77
1914,3,3,2,524.46
2413,1,2,8,527.02
1946,4,1,29,388.74
2213,3,1,38,384.44
2179,4,2,4,596.34
2680,4,2,0,660.33
2427,3,1,13,502.29
2357,3,2,30,435.39
2144,2,2,20,462.28
2423,4,1,4,560.32
1615,4,2,8,428.13
2718,2,1,16,473.25
672,4,2,44,227.88
1953,1,2,1,499.53
1745,3,1,43,326.83
1788,1,1,3,451.08
1448,3,2,9,388.63
1379,3,1,59,292.04
761,2,2,12,287.93
2588,5,3,23,559.95
3174,5,1,69,413.82
1593,3,1,23,379.34
1922,3,1,10,466.36
2084,3,1,62,344.46
2055,2,2,25,428.89
2165,4,2,12,504.37
1525,5,2,7,468.61
1251,2,2,5,397.3
2236,4,3,4,577.76
3294,5,2,39,569.63
1724,2,1,10,410.47
2623,2,2,26,436.23
1810,1,1,45,302.7
2663,3,1,10,582.92
1691,2,1,2,416.53
1243,4,1,45,272.02
1369,2,2,5,455.49
1892,3,1,26,408.28
1326,3,1,4,453.83
2184,4,1,16,471.07
1250,2,1,52,271.76
2358,4,2,46,419.82
2024,1,2,15,428.62
2825,3,1,5,599.02
2636,4,2,51,425.97
1803,3,1,21,389.49
2215,3,1,4,566.78
2571,2,2,6,543.43
2989,3,1,12,590.83
1699,4,1,38,340.73
1821,4,1,0,499.77
2032,2,2,12,456.17
2766,4,2,37,492.26
3129,3,1,16,563.8
1071,3,3,55,259.79
1800,3,3,14,405.63
3186,4,1,27,553.97
2112,2,2,15,449.31
2260,1,2,8,487.16
1155,5,2,15,343.24
2662,4,1,13,566.16
2491,2,1,1,599.19
1615,2,1,9,399.62
2723,4,1,28,487.69
876,4,1,1,386.93
1396,5,3,28,406.79
2864,3,2,40,473.69
3188,2,1,6,619.02
2134,2,2,11,428.74
2802,2,2,15,522.86
2395,4,1,36,448.9
1653,2,2,14,413.28
1917,1,1,23,409.72
1893,2,1,10,415.96
2446,1,1,29,427.47
3132,2,1,0,680.85
2254,4,3,36,435.03
2456,3,1,1,635.43
2480,5,3,67,448.91
1603,2,1,44,288.63
2226,3,1,6,549.95
2552,1,3,60,392.45
2826,5,2,61,464.55
2417,2,1,9,508.02
1505,3,1,7,384.57
2468,3,1,28,471.12
1620,2,2,0,499.31
2089,2,1,21,428.8
1848,2,2,1,475.96
2011,3,1,0,540.62
1611,4,1,41,322.99
2803,2,1,15,560.81
1189,3,2,7,413.26
1458,2,3,29,333.27
765,2,1,1,332.18
2523,1,1,40,379.5
1294,1,2,100,230.66
1173,3,2,4,386.85
2300,4,1,5,549.37
2239,3,1,30,419.8
2283,2,2,1,546.7
1918,3,2,3,506.8
1490,3,2,17,399.47
911,3,1,4,308.42
1169,2,3,18,364.56
2315,2,1,20,436.49
1880,4,2,35,370.83
1678,5,2,6,484.46
2713,4,1,16,578.32
1284,4,1,2,411.29
1532,2,3,16,406.75
1710,5,1,29,361.62
2062,4,3,5,555.7
1454,2,3,17,384.27
1817,2,1,17,371.05
2005,3,2,0,527.67
1438,2,1,46,292.6
1825,5,1,14,464.48
1313,2,3,52,285.12
2125,3,1,17,464.06
2096,3,2,42,358.81
1840,2,1,3,484.71
1505,3,1,11,405.57
1863,3,1,16,436.61
1459,5,2,91,289.22
1747,3,2,8,438.88
1787,3,1,3,496.34
2830,3,2,38,512.49
1639,4,2,5,445.54
2101,2,2,29,424.81
500,2,2,9,250.47
1876,3,1,5,454.48
3030,4,2,27,525.45
2019,2,3,24,414.92
930,2,2,8,339.03
2352,4,2,30,452.27
2451,3,1,23,482.12
2550,3,1,19,483.17
2242,2,2,9,493.48
1996,2,1,21,387.31
1747,3,1,9,453.71
2903,2,1,19,486.58
1545,2,1,20,379.67
1312,5,1,63,308.73
1838,3,2,15,421.27
2102,3,2,29,389.78
2372,2,2,35,430.46
3132,2,2,100,382.34
2734,3,2,16,537.04
1793,4,1,6,425.73
2560,1,1,20,473.02
2556,3,1,0,600.96
2086,2,2,41,395.33
1856,2,1,56,305.66
2847,3,2,1,663.85
1525,1,1,2,396.17
2187,2,2,18,455.9
2959,4,2,21,542.65
2547,3,2,70,408.27
2926,4,2,40,506.97
2039,2,2,22,435.96
2352,3,1,2,557.13
2223,3,2,25,423.09
1199,4,1,66,257.34
2704,4,1,76,394.82
1771,3,2,19,402.51
2684,3,1,52,442.21
1108,2,1,45,269.18
1493,2,1,1,448.78
1545,4,1,31,380.42
2594,2,3,9,532.02
2063,3,2,7,471.01
2354,5,1,38,432.04
2067,4,3,13,489.97
2188,4,2,6,564.92
2252,2,1,4,471.81
2051,3,2,19,447.67
1887,3,1,7,431.4
1619,5,1,60,371.65
3191,2,1,23,541.77
2102,2,1,43,362.29
2609,3,3,4,603.95
2994,3,2,16,526.5
2849,4,2,9,573.52
1088,3,3,5,392.19
1504,3,3,51,353.65
1715,3,3,24,437.58
2501,2,3,20,481.16
1804,2,2,16,400.0
2085,3,1,13,454.23
2684,3,2,1,632.99
1566,3,3,13,386.15
2043,3,2,15,467.85
1104,3,2,60,259.59
2044,2,3,25,401.82
2184,3,2,47,345.2
2135,4,1,49,390.05
1024,3,1,23,305.19
3119,4,2,10,662.9
1871,3,2,14,407.71
1655,2,1,1,475.15
2620,2,1,85,356.56
1685,3,3,12,476.18
1628,3,2,7,474.84
2632,4,1,0,662.23
2994,3,2,100,447.91
2098,4,2,25,426.15
2473,1,1,11,499.02
2695,2,1,6,544.46
1761,1,2,5,439.35
1969,3,1,36,358.17
3135,4,1,18,577.74
1531,2,2,4,409.11
2228,5,2,28,464.77
2100,2,1,39,366.45
2101,3,3,3,560.39
2680,1,2,100,360.35
2444,3,1,14,491.97
1805,3,1,13,421.07
1715,5,1,47,341.92
1738,1,1,3,396.1
1769,5,3,56,407.7
1915,2,2,32,364.54
2645,5,3,3,684.11
1323,1,2,3,383.78
2174,3,2,43,380.83
1723,4,1,67,315.26
2226,4,3,17,512.36
1910,3,1,4,483.47
3173,3,2,90,434.3
785,3,2,25,312.01
1517,2,2,8,395.65
2251,3,1,64,384.53
1744,5,1,14,439.29
1472,4,1,11,418.52
2574,2,1,89,339.5
1340,3,1,9,374.24
2548,2,2,14,478.25
2698,3,1,7,607.23
1244,4,1,2,435.27
2614,4,3,19,579.58
2260,4,2,20,493.05
2633,2,1,1,587.03
2569,1,1,100,323.8
1768,5,1,21,403.82
2058,3,1,24,412.17
1915,3,1,33,369.99
3167,2,2,1,702.72
2336,3,2,10,488.79
2528,2,1,3,540.12
1653,4,2,16,457.7
2736,5,2,1,688.59
2612,4,1,6,577.51
1764,1,2,56,298.59
1123,4,1,18,338.73
2849,3,2,10,548.89
1873,3,2,68,327.96
2008,3,1,14,451.78
1123,2,1,4,346.22
1879,3,1,5,487.86
2086,4,2,9,486.68
2563,2,2,3,611.09
1909,3,1,17,414.19
2127,2,1,11,467.92
931,4,3,2,408.65
1624,3,1,3,443.76
3240,3,1,6,663.87
2838,3,1,3,626.87
2830,2,1,11,587.22
2594,1,1,100,349.07
1619,2,1,3,416.2
993,4,2,19,293.05
1873,2,1,24,396.2
2219,2,2,42,379.77
2571,1,2,4,553.03
2060,2,1,1,489.86
1148,4,1,14,359.95
2209,3,1,29,429.89
1536,3,1,16,398.96
1533,5,2,72,334.26
1243,4,2,5,404.73
1786,2,1,4,425.67
1383,3,3,6,447.55
2886,4,2,2,673.23
2092,2,2,3,511.17
2977,5,1,29,534.44
2781,2,3,19,515.77
2411,4,1,8,535.41
2189,3,1,10,495.61
1692,3,1,22,359.7
2958,2,1,53,465.63
2865,2,1,32,492.16
1086,5,2,61,312.72
2722,2,2,28,474.59
2340,3,3,13,524.17
1396,4,1,1,438.36
865,3,2,0,373.32
1302,3,2,29,336.99
2236,3,2,11,521.44
1319,4,1,100,278.21
2125,3,1,65,345.36
2986,3,1,21,513.83
2498,3,1,4,589.73
1287,4,2,21,356.84
2761,2,1,47,402.62
1920,1,2,43,373.66
676,3,2,13,293.98
1730,3,1,48,301.67
2185,5,1,2,518.3
1964,4,2,26,416.74
1165,3,2,5,401.49
3101,4,2,4,690.2
1920,2,1,43,350.81
2662,1,2,18,515.81
1570,1,1,4,394.48
2789,4,2,11,571.9
1725,1,2,16,408.08
1365,3,1,27,332.3
2306,1,1,25,425.28
1794,3,3,76,319.11
2357,5,1,12,544.07
2258,3,1,60,388.84
1493,3,1,12,371.56
3042,1,1,1,657.02
2559,4,2,3,635.74
2164,2,1,5,495.52
2078,3,3,8,516.4
3054,4,1,5,657.25
3519,3,2,100,455.5
1739,4,1,26,377.64
2267,2,1,3,544.3
1919,4,1,47,365.63
1967,2,1,27,400.62
1916,3,2,1,525.18
2414,5,2,1,613.12
1917,4,3,3,561.22
2297,2,2,5,497.43
2327,1,1,68,346.33
2245,1,3,37,411.15
2454,2,1,4,542.11
1915,2,1,12,428.0
1482,3,3,0,505.06
2407,5,1,37,409.9
1791,4,2,16,431.54
2140,4,2,12,521.83
2209,5,2,21,475.65
985,3,2,0,382.01
1338,3,2,33,321.77
2349,3,1,26,434.95
1784,4,2,23,435.11
1396,2,1,78,240.43
1786,3,2,58,367.04
2318,5,1,19,481.55
2251,5,3,11,572.97
1606,4,1,8,408.96
500,3,2,63,194.58
2072,1,1,14,434.25
2879,4,2,17,586.83
2081,3,1,29,418.58
2841,4,1,100,434.3
2079,2,1,6,472.48
1127,1,1,56,244.61
2630,4,2,3,638.28
827,2,2,0,350.32
2208,2,1,6,507.36
1937,5,2,21,436.98
1742,3,2,43,344.55
2572,3,1,25,502.37
1765,4,1,20,413.21
1359,1,2,11,327.03
2307,2,1,22,428.44
1125,4,1,6,368.1
1760,2,3,15,374.76
2663,2,1,25,483.68
1528,2,3,67,295.35
1606,2,1,1,459.35
1763,3,2,85,329.4
2098,3,1,17,467.42
2247,2,1,3,528.15
1779,3,3,6,482.11
2049,1,2,24,419.63
2729,3,1,3,619.2
2538,3,2,40,433.55
1724,5,1,33,354.45
1911,3,2,13,457.69
2047,3,1,4,512.58
1985,3,2,8,502.16
2253,2,2,19,432.0
2099,2,2,56,324.92
2253,3,2,7,543.59
2168,2,2,5,507.11
1266,2,1,2,374.18
2378,4,1,8,563.64
2762,2,2,49,430.43
2298,1,1,21,447.87
2293,4,1,2,542.17
1957,4,1,68,329.77
801,4,3,21,303.84
2543,2,2,21,488.47
2346,4,3,2,589.92
1462,1,3,21,336.54
935,1,3,100,212.81
2588,4,1,57,398.68
1469,4,2,25,389.29
2325,5,2,8,599.09
2611,2,2,4,562.17
2530,4,1,12,533.74
2495,5,1,27,499.4
1629,3,2,59,320.48
2373,3,1,4,551.15
2677,4,1,1,653.79
1207,3,1,1,436.74
1473,3,1,48,300.68
2952,3,1,4,681.69
500,4,1,8,287.0
1647,2,2,6,424.78
2916,2,2,25,466.36
1506,3,1,25,347.89
2454,3,1,36,450.15
862,2,1,12,291.6
1717,3,2,4,467.25
500,3,3,17,250.94
3038,2,1,33,461.97
2232,2,1,16,451.34
3282,3,2,5,652.39
3306,4,2,12,670.26
2448,3,2,44,421.3
1157,3,1,28,298.7
1705,2,1,40,326.42
1092,3,1,0,334.85
2435,4,2,6,595.48
2173,4,2,58,369.09
2448,4,2,2,596.17
1420,3,1,40,321.23
2412,1,2,14,450.39
1855,1,3,5,467.71
1720,3,1,36,360.08
923,3,2,41,264.28
2811,1,1,1,605.49
1777,4,1,36,374.65
2197,1,1,3,498.86
2181,3,1,2,546.96
2505,3,1,16,464.6
861,3,1,6,300.42
2606,1,1,10,508.66
2769,3,2,26,523.66
2668,4,2,27,504.77
1416,4,2,51,299.08
1985,2,1,12,426.91
1599,2,1,18,353.67
2703,5,3,30,511.71
2181,5,1,19,456.11
2702,5,1,3,661.5
1440,5,1,10,432.99
2204,3,2,39,416.26
1067,1,2,6,308.15
3094,3,1,13,621.42
1831,5,1,31,392.15
1562,1,1,21,343.46
1293,3,1,10,399.06
2379,3,1,11,476.51
2168,3,2,13,472.24
1083,2,2,100,282.57
1979,5,3,25,434.39
2010,3,1,20,393.61
2986,2,2,26,498.39
2053,3,2,9,492.06
1158,2,1,10,336.4
2497,2,2,8,524.19
2991,2,2,5,594.12
1670,3,2,63,306.63
3034,4,2,0,730.88
1251,3,1,21,339.85
1100,4,1,3,405.56
1419,2,2,18,370.36
2132,1,2,25,379.87
2895,2,1,9,575.73
1542,1,1,30,340.59
2618,5,1,7,607.6
2602,1,2,33,417.77
1252,2,1,23,330.42
1803,5,1,58,362.53
2066,1,1,100,310.25
1749,3,2,71,335.11
1125,3,2,2,389.75
1655,5,2,35,366.65
1720,3,2,17,398.37
2682,1,2,2,607.6
1767,4,2,77,317.1
2000,4,1,1,546.71
2000,5,1,36,377.7
1975,2,1,23,389.76
2087,3,2,20,449.2
2678,2,1,56,399.36
2268,2,1,14,461.22
2022,5,2,27,425.95
2114,4,1,60,392.93
2984,4,1,41,454.19
1785,5,2,8,467.88
2763,3,3,56,444.48
864,2,3,24,284.04
3017,2,2,10,566.91
1992,2,1,4,485.21
1529,5,2,60,331.85
1944,2,2,14,486.76
2198,3,1,50,366.42
2205,3,2,43,438.49
1936,4,1,0,520.09
2139,2,2,18,441.78
2014,4,1,7,530.37
990,3,2,1,376.16
1158,3,2,89,247.67
1780,4,1,30,358.6
2439,4,1,2,595.74
2234,3,1,15,479.05
2758,4,2,21,511.94
2582,4,1,2,572.55
2598,5,3,19,526.31
2174,3,2,48,377.93
1573,2,2,2,426.07
2994,2,1,72,431.77
2190,1,1,37,343.46
2133,2,1,55,352.59
1119,3,1,15,357.29
2399,2,1,8,516.57
1741,1,1,19,373.41
2311,2,1,23,454.37
1876,5,1,25,450.66
1491,3,1,15,396.93
2902,4,2,16,584.75
1935,2,2,1,482.04
901,3,2,21,280.24
2516,3,1,40,439.49
2282,3,1,0,547.38
1077,5,2,13,377.77
2389,4,1,3,575.16
1318,3,1,1,401.07
1402,2,2,16,327.93
2401,3,2,4,549.48
1725,3,3,37,357.19
1823,4,2,18,419.21
1941,2,1,11,451.68
2131,3,1,25,435.13
2469,1,2,29,427.19
1557,3,3,62,308.58
2285,3,2,15,488.53
2049,3,1,7,491.41
1330,4,1,33,341.75
2450,2,3,18,445.99
2943,5,1,0,699.2
2430,5,1,28,441.8
2592,2,3,29,464.35
2229,4,2,30,449.52
1633,4,1,13,422.18
2479,4,2,23,485.14
2057,5,2,0,596.3
1687,3,1,14,414.3
1899,3,1,14,436.99
1719,1,2,29,333.17
2429,3,1,3,584.83
1851,2,3,6,484.65
779,4,1,2,391.48
2396,4,3,11,573.88
2753,2,2,5,596.93
1863,4,1,15,416.64
1196,4,2,46,317.5
2177,3,1,1,544.13
2314,1,1,16,435.56
1675,4,2,11,467.61
1838,3,3,39,404.78
1992,2,1,20,415.94
3018,4,2,1,675.59
1535,3,3,13,424.44
2319,4,1,19,472.29
1476,5,3,1,526.66
1347,2,2,1,402.38
1517,4,2,0,510.61
3133,3,2,7,697.95
1982,4,1,1,540.09
1994,3,3,15,454.33
1237,4,1,19,333.85
2073,4,2,37,386.08
2363,3,2,4,540.48
1588,3,1,6,426.45
1864,2,1,17,387.42
1507,2,2,25,357.16
2619,3,1,46,410.31
1689,3,1,1,468.04
1853,3,1,22,367.45
2870,4,1,33,485.79
1991,3,3,6,500.4
1467,1,2,64,291.67
1867,5,1,24,445.87
3035,4,1,0,705.07
1875,3,2,1,487.52
2684,3,2,12,548.15
1152,3,1,100,224.32
1133,2,2,2,397.58
1467,4,2,37,357.69
1373,2,1,16,302.45
2395,2,1,57,373.53
1983,4,2,18,456.0
2785,2,3,23,556.78
1876,2,2,44,353.02
1364,3,1,56,281.17
1742,3,1,17,396.42
1700,2,1,30,356.83
3126,5,2,18,602.02
1647,1,3,16,397.59
2927,2,1,45,438.39
2677,4,1,1,631.31
3128,3,2,100,437.57
500,2,2,9,271.2
2395,2,1,19,443.49
2412,4,1,10,536.21
2561,3,2,34,432.69
1395,3,2,2,440.6
1338,2,3,20,358.95
1776,3,2,35,340.63
1815,2,3,2,514.93
2113,3,1,0,526.18
2457,3,3,14,497.89
1953,2,1,5,463.86
2463,2,2,13,516.48
2486,2,1,32,428.16
1862,3,1,86,336.46
1966,3,3,16,484.93
2238,1,1,12,473.57
2032,2,1,37,352.48
2041,3,1,100,317.08
2527,5,1,0,628.16
1873,3,2,12,459.19
699,3,2,31,263.97
1951,2,1,20,420.86
2367,5,2,11,552.21
2085,2,1,14,462.35
2621,2,1,13,491.13
1895,2,1,3,484.02
1983,4,1,14,476.88
1335,4,2,29,371.18
1929,3,2,96,337.64
1746,3,2,15,431.38
2382,2,1,67,352.67
1853,3,1,10,429.62
2263,4,1,6,543.83
2044,3,1,22,420.08
1831,2,1,17,380.19
3066,2,1,2,670.02
2510,4,2,41,459.91
1601,3,1,0,481.64
3000,3,2,36,491.95
1920,2,1,40,358.3
1631,4,2,29,378.9
3547,4,2,6,721.66
1500,3,1,3,451.85
2940,3,1,37,495.3
2177,3,2,19,469.91
1659,3,1,4,435.06
2586,3,2,60,353.66
2458,3,2,44,433.06
1906,4,2,11,489.29
2593,2,1,3,569.45
2034,2,1,10,459.34
2403,1,2,17,508.02
1032,3,2,21,310.61
2069,3,1,39,389.94
1871,2,1,15,392.86
2775,5,1,20,528.15
2689,3,1,1,648.44
1822,4,2,26,408.49
1886,4,1,14,417.99
1916,3,1,17,434.93
2379,2,1,100,334.31
1960,1,2,70,347.82
1415,4,2,72,301.42
2389,3,3,51,370.62
1933,2,2,11,447.94
1700,3,1,4,428.07
2345,1,2,22,420.33
1933,3,3,81,316.25
2753,4,2,22,557.27
1924,3,1,3,476.79
749,3,2,4,341.79
1175,5,3,49,285.44
1348,5,2,4,434.59
2585,5,1,0,660.74
1319,1,2,1,384.23
1318,4,2,2,434.66
2014,3,3,18,499.85
2291,3,1,19,440.11
2926,2,2,36,455.63
2081,4,2,7,526.6
1854,3,1,1,495.96
2792,2,2,7,597.21
2427,4,1,2,591.53
2351,5,3,5,600.75
1425,1,3,100,256.3
2709,2,2,0,661.43
2325,4,2,52,427.7
1923,2,1,29,379.96
2355,3,2,4,572.63
1945,3,1,13,480.4
1002,1,2,0,355.76
1529,5,3,7,462.69
1551,3,2,18,390.33
2502,2,1,17,518.15
3192,5,3,19,649.87
678,2,1,13,226.95
2162,2,1,62,335.0
1826,2,2,6,439.02
2075,2,1,41,389.39
2439,3,1,8,542.26
1807,3,2,20,419.03
2126,4,1,0,542.17
2109,3,3,13,483.88
2241,2,1,34,421.28
2824,3,1,35,476.59
2427,3,1,4,549.77
1789,2,1,14,408.15
2850,2,1,38,437.04
1294,3,1,52,287.06
2892,2,1,11,582.05
2129,3,1,2,537.81
2293,4,2,30,427.46
2076,1,2,1,469.85
2242,2,2,34,428.66
1947,4,1,23,433.58
3096,4,2,16,641.58
1727,3,2,4,508.32
2425,3,2,11,487.28
2865,2,2,18,556.78
2412,2,1,9,477.68
2469,2,1,5,544.85
2038,4,2,25,426.07
2598,4,1,0,649.69
1255,2,2,26,330.65
1564,4,2,3,470.63
3670,3,1,14,654.88
2113,2,2,0,568.45
2929,2,1,53,473.16
1954,3,2,25,412.46
1839,1,1,13,405.46
1098,2,1,94,250.66
2013,4,1,100,334.33
2181,2,1,60,354.59
1164,2,1,5,356.98
3158,1,1,12,559.85
2550,2,2,40,451.09
2337,5,1,44,434.68
2696,4,2,28,499.37
2528,2,1,57,418.53
1794,2,1,10,403.57
1612,4,1,13,400.33
2452,4,1,70,392.74
3332,3,1,5,678.87
2308,2,1,10,518.19
1671,2,2,6,458.7
2071,3,1,17,465.53
1201,3,1,74,236.64
1627,2,1,50,323.08
2488,1,2,15,457.73
1942,4,1,41,401.85
2979,2,1,11,556.08
2399,3,1,9,538.42
1644,3,1,15,411.05
1685,4,3,23,414.02
1180,2,1,11,346.87
1744,4,3,100,333.75
1942,5,1,14,450.53
2947,3,1,4,647.98
2422,1,2,27,397.9
1547,3,1,4,427.13
1261,4,1,12,394.13
1874,5,1,39,364.65
2404,4,2,7,574.02
1761,3,1,25,365.34
1415,3,1,38,316.68
1396,2,2,39,313.32
2042,4,1,51,308.21
1588,2,2,15,407.62
1831,3,2,1,508.45
2206,2,2,6,480.05
2344,1,1,12,442.75
2774,2,1,50,453.22
1597,3,2,0,524.12
2730,4,2,21,554.04
984,4,1,40,273.45
2532,4,2,34,466.24
2240,3,2,37,439.64
2368,3,2,13,521.37
3890,4,1,29,608.15
1545,3,2,22,388.64
2018,2,2,100,280.68
1742,2,1,7,410.15
1324,3,2,10,398.46
2873,1,1,6,564.03
2443,4,1,5,565.7
1929,2,1,3,448.45
2336,3,3,10,559.29
1961,3,2,5,514.14
1531,4,1,11,398.95
2059,3,3,18,452.83
1887,5,1,20,447.45
1897,4,2,22,397.83
2438,5,2,22,505.55
1988,1,1,13,424.91
2127,5,3,48,446.65
1950,4,2,13,477.77
1022,4,3,22,347.51
3776,3,1,100,497.66
2263,4,1,3,531.86
2066,5,3,45,434.51
2047,2,1,16,409.54
2655,3,3,23,535.91
971,2,1,69,229.93
1529,3,2,1,467.26
1399,2,1,85,280.02
1383,5,2,5,461.31
741,3,2,28,256.22
2703,2,1,15,494.39
2107,4,2,7,527.8
1333,3,1,21,304.16
1988,3,2,9,512.7
2293,3,2,21,459.95
2120,4,1,39,403.39
1958,5,1,51,391.42
2187,5,3,1,614.51
1803,4,2,1,532.97
1997,2,1,13,416.82
2130,4,1,5,503.89
1499,2,2,3,422.51
1868,4,3,9,542.69
2234,1,3,58,352.56
2561,2,2,6,544.6
2872,2,1,12,552.53
1518,5,2,15,411.12
1747,3,2,2,474.76
1900,1,2,11,449.62
500,5,2,9,336.78
2788,2,2,11,534.64
2038,3,1,8,467.17
1720,4,2,1,473.31
2076,1,1,29,363.83
2400,3,2,20,463.53
2520,1,1,23,490.78
1067,5,2,29,290.41
2978,4,1,32,531.75
2358,3,2,8,559.02
2747,1,2,13,497.23
1913,5,2,28,426.67
1093,4,2,24,359.06
1362,4,2,76,296.16
2210,3,1,21,447.6
1879,3,2,26,391.65
2536,2,2,49,418.15
1643,3,2,31,333.69
1650,2,1,31,342.79
2484,3,1,11,565.35
3163,3,1,14,597.88
2479,3,2,1,612.6
1485,4,1,11,389.11
2193,3,2,12,506.32
2259,4,2,2,574.62
2043,3,1,5,471.23
2497,5,1,7,570.3
1860,3,2,31,365.57
2056,1,1,18,367.84
1955,3,1,25,382.42
1815,2,2,24,410.04
3082,3,2,6,629.02
2118,2,2,47,340.89
1614,2,1,30,342.07
2643,4,2,0,663.38
1806,2,2,3,479.69
1508,2,2,73,302.9
1356,3,1,9,396.01
3115,2,1,16,565.34
2424,4,1,57,378.89
2413,4,2,2,584.64
2955,1,1,6,579.07
973,4,1,87,265.96
1989,3,1,53,346.46
2513,3,1,96,355.37
1964,2,3,95,309.28
2019,2,2,44,331.71
2654,5,1,8,604.84
2054,4,2,31,420.21
2704,4,1,26,545.49
2060,4,3,65,377.43
2146,3,2,0,567.09
1693,4,2,2,467.93
2910,3,1,15,555.9
2186,2,1,4,540.52
1522,3,1,27,356.26
2498,2,1,67,385.98
1974,4,1,35,359.34
2010,2,1,22,399.59
2644,3,1,39,455.85
1869,5,1,3,513.6
1917,2,1,69,308.59
2510,3,2,12,602.72
1758,3,1,22,357.58
1985,3,1,2,477.89
1050,4,2,1,406.1
2453,4,1,10,512.51
2032,2,1,7,485.25
1328,3,2,9,371.76
2261,4,2,22,474.55
1302,5,3,19,416.51
1554,4,2,6,434.91
2650,1,1,6,542.22
1900,2,2,17,381.3
1699,5,1,37,387.96
1772,3,1,18,407.38
1100,2,2,5,350.31
1726,3,1,15,377.27
2145,3,1,7,512.02
2080,3,2,53,360.87
2016,3,1,12,412.53
1338,4,1,11,406.27
1922,1,1,87,297.35
2544,3,2,56,384.63
1997,1,2,11,446.74
1661,1,2,19,348.17
2867,3,3,53,461.56
1884,3,1,9,434.22
2616,4,1,16,547.34
1916,1,1,2,467.64
1898,3,3,21,401.18
1891,1,1,14,386.3
2101,3,2,21,434.15
1978,5,1,5,536.52
1133,2,1,16,291.8
3043,4,1,6,638.94
3279,5,1,7,696.74
1220,3,1,37,292.21
2187,1,2,1,535.06
3139,3,1,19,574.18
1963,3,1,18,438.22
2814,4,1,22,545.15
1802,4,1,66,343.12
3275,5,1,5,707.07
810,3,3,10,326.45
1851,3,2,47,357.36
1074,4,1,56,278.34
1696,3,1,26,329.04
1619,3,1,20,415.03
864,3,2,100,231.96
2507,2,3,26,455.09
2481,5,1,0,645.3
2828,4,1,15,574.07
1937,4,1,9,443.22
2820,2,1,9,533.88
1903,2,3,30,359.44
2260,3,1,10,522.48
1612,2,3,4,459.14
2090,4,2,13,505.16
1965,3,1,11,447.14
2021,2,2,31,367.75
1176,3,1,35,292.71
1850,3,1,12,391.7
2061,2,1,7,492.25
1267,1,2,45,236.96
1812,3,1,15,412.16
1856,4,2,23,444.17
2117,3,1,3,552.73
757,1,1,7,287.18
1885,2,1,28,317.62
1225,2,1,48,251.75
663,2,2,12,236.23
3384,4,3,8,690.22
1158,1,1,14,327.57
1300,3,2,1,431.93
2629,2,1,14,500.4
2016,3,3,5,519.9
1410,1,1,39,255.24
1674,3,1,14,455.54
2348,2,1,8,494.87
1328,4,2,9,410.71
2211,4,1,7,522.64
1415,2,2,0,434.21
2608,4,3,26,542.66
1673,4,1,75,318.53
1584,3,1,32,321.36
2014,1,2,3,459.8
818,2,1,72,198.9
2186,3,1,65,381.61
2641,1,2,7,569.77
2129,2,2,4,515.17
1866,3,2,37,383.99
2731,2,2,1,652.58
3103,4,1,9,657.06
2144,3,1,7,484.6
2043,3,1,22,409.39
2713,4,1,14,565.1
2062,1,2,8,419.21
2259,3,1,2,545.71
2156,2,1,7,499.81
2394,1,3,18,503.27
2742,3,1,49,432.86
2327,4,2,1,588.78
1768,2,2,17,399.81
1951,2,1,12,419.97
1976,2,2,6,479.93
2351,3,1,21,447.4
1680,5,1,49,359.6
1828,5,2,10,515.34
2458,2,1,34,399.78
2237,4,2,100,376.07
2256,2,1,4,502.15
1671,2,1,2,458.95
1917,3,1,44,353.26
2158,3,1,43,390.63
2167,3,2,1,592.2
1784,3,1,6,432.99
2902,5,1,17,536.63
1759,5,1,28,395.19
2332,4,2,12,527.38
2378,3,1,25,447.11
2405,2,2,5,525.78
1453,2,1,71,257.35
2896,2,1,3,626.21
2423,1,1,20,418.78
1088,3,2,4,400.61
1314,3,2,0,459.47
1727,3,1,8,463.41
2951,4,2,32,496.97
2607,5,1,14,545.66
1711,3,1,2,458.25
2171,2,1,70,334.22
2541,3,1,5,578.94
2869,3,3,17,578.52
1647,3,1,9,404.31
2216,3,2,25,485.7
2696,3,2,21,478.69
2407,4,2,10,541.59
3367,2,1,14,610.9
2354,3,1,12,489.19
2191,4,2,11,506.1
2728,5,3,13,596.09
943,3,2,16,316.97
2486,3,2,0,601.5
2271,1,2,8,454.62
1230,2,2,22,317.88
1941,5,1,42,372.84
1411,2,2,9,411.41
1795,4,2,4,486.47
3496,2,3,93,457.98
2053,3,2,33,439.02
2709,4,1,3,630.13
2081,4,2,14,475.03
2327,4,2,7,550.91
2186,4,1,17,464.49
4370,3,1,11,785.76
1851,3,1,38,375.34
1328,5,2,7,457.6
2532,3,2,15,511.92
1575,2,1,38,302.17
500,2,1,4,240.47
2531,3,2,38,431.65
3556,4,1,17,639.05
1846,2,1,15,404.02
1209,2,1,22,280.04
1782,3,1,26,384.7
1803,2,1,20,385.67
2451,3,2,52,406.41
1726,2,2,48,342.45
2006,4,3,10,457.67
2882,3,1,8,590.77
1267,3,3,12,359.33
2465,5,3,40,475.06
2646,3,1,43,414.32
1777,3,2,6,422.99
2431,5,3,31,494.62
1898,2,1,52,339.8
2394,2,1,28,410.14
1706,3,3,11,460.79
1505,3,2,70,309.23
2604,3,1,10,554.7
2182,2,2,3,548.88
1332,3,1,22,358.02
1342,2,1,24,339.87
1534,3,1,4,445.27
1560,4,1,2,486.3
1544,3,2,28,366.83
1078,4,1,19,324.01
2003,3,3,0,553.97
2191,4,2,15,505.59
1904,5,2,9,487.9
2485,5,3,17,567.37
1811,2,1,46,319.59
2323,3,1,35,446.75
2308,5,2,13,552.52
2752,2,3,19,495.82
1956,1,2,16,411.39
2351,5,1,8,567.92
2204,1,2,9,475.33
2189,1,2,15,461.69
2242,5,1,34,478.87
2015,4,1,57,362.66
2393,3,1,3,611.68
1749,4,1,3,459.02
1553,3,1,38,297.85
2394,1,2,30,433.85
1518,2,1,77,290.93
2556,2,2,4,583.18
2095,3,1,24,439.5
845,5,1,22,299.64
2415,3,1,8,523.94
2093,3,2,15,484.56
2260,2,2,12,505.36
2529,1,1,25,473.33
2003,3,3,33,449.9
2274,1,1,18,434.74
1313,2,1,3,372.54
2790,4,1,0,678.14
868,4,1,56,241.71
2064,3,2,40,332.36
2074,4,1,4,522.0
1484,3,2,15,393.5
2058,3,2,16,457.08
1882,1,2,2,469.66
2776,4,2,15,571.5
1624,2,2,7,414.64
1375,3,1,100,258.21
2730,5,1,14,555.16
1423,1,1,16,352.29
1763,5,2,51,331.18
1212,4,3,10,426.12
2631,5,2,7,606.93
2210,2,2,32,418.17
2598,3,1,72,369.22
2455,3,1,40,428.21
1099,3,1,13,291.07
2188,3,2,28,445.58
1823,2,3,5,486.86
2517,5,2,0,664.23
2020,2,3,32,440.34
2530,3,2,20,515.04
2258,5,1,17,470.98
1752,3,3,65,359.86
2013,2,1,0,486.38
2407,4,2,1,628.85
1730,3,1,47,322.96
2317,4,2,6,550.72
3153,3,1,26,509.41
2489,2,1,14,479.31
2460,3,1,23,458.82
2665,1,2,33,465.33
2820,2,1,21,478.44
2695,2,2,11,568.63
2831,4,1,53,373.23
1485,4,1,1,450.26
1959,5,2,22,434.51
1691,5,1,23,401.7
1633,5,2,13,443.72
1689,3,1,10,415.25
1837,5,2,9,479.66
1059,1,2,3,346.57
2353,2,1,100,371.12
1159,1,2,16,295.49
1569,4,2,58,301.38
1921,2,2,100,297.8
2205,3,2,50,403.04
1002,4,2,0,409.46
2116,3,2,100,322.06
1397,4,1,4,417.67
1924,3,1,4,493.46
2599,3,2,0,619.27
3398,1,2,4,690.13
2160,2,2,21,414.56
2445,2,1,46,398.58
1312,2,1,0,396.98
2271,2,1,40,407.24
1654,2,2,53,294.24
2261,4,1,18,472.04
616,3,2,0,344.87
3543,4,3,13,703.01
1623,2,1,73,272.58
1213,1,3,5,399.81
1208,2,1,57,272.02
3070,3,2,3,656.0
1537,2,1,8,416.68
2206,4,1,24,464.79
2073,3,1,14,448.92
1890,3,1,10,458.41
2424,5,1,10,556.86
2130,5,2,4,559.17
2273,3,1,43,406.73
1765,3,2,24,417.92
2872,3,1,12,545.18
1944,2,1,2,506.61
1448,3,1,27,307.08
1908,3,1,17,420.97
2088,1,3,19,406.87
1547,5,1,14,408.64
2249,5,1,13,500.61
851,3,1,55,260.53
1511,3,1,85,266.56
2270,2,1,3,509.93
1884,2,1,43,346.39
2155,3,1,6,531.36
1751,2,2,21,393.8
1307,2,1,24,310.72
2160,1,2,39,330.76
1086,3,1,17,313.74
2287,4,1,12,499.89
2384,5,1,9,545.9
1675,3,2,15,387.07
1182,3,2,31,301.99
2174,1,1,0,515.06
1561,3,3,42,342.04
2969,3,1,8,585.51
2444,2,2,12,496.7
1270,2,1,8,384.58
2994,1,1,12,533.27
1615,5,2,98,297.33
2496,1,1,8,533.18
2681,4,2,10,551.48
1810,2,2,17,365.23
1275,2,3,16,350.47
1594,2,2,14,400.66
1251,2,1,21,343.43
1185,4,1,0,419.45
1545,3,2,4,418.95
2588,3,2,3,648.69
1993,3,1,31,399.37
1890,2,3,10,464.59
1352,4,2,71,297.92
1859,5,2,20,429.7
1131,4,2,69,299.42
1664,2,1,1,444.35
1102,3,2,6,359.33
1327,2,2,15,337.97
1627,2,1,18,346.05
1557,3,1,51,338.45
1559,4,1,25,383.99
1956,3,2,29,375.88
1739,2,1,24,353.43
2014,2,2,87,318.84
2334,2,2,30,392.53
2294,3,3,100,357.21
1705,4,2,1,515.72
1580,5,2,69,339.67
2648,3,1,25,481.49
2460,4,2,3,629.17
3188,3,1,11,604.0
1716,4,2,83,290.05
753,3,1,22,267.42
1914,4,2,20,449.06
1627,2,2,11,400.99
2039,2,1,93,325.38
2260,3,2,21,492.66
1288,1,1,41,242.81
2319,4,2,20,512.45
585,3,1,8,293.74
1870,4,2,7,518.65
2105,3,1,6,492.06
1663,1,1,23,352.7
2694,2,1,28,469.1
2400,3,3,28,484.72
1350,1,1,14,303.57
2126,4,3,28,405.75
1784,3,2,56,319.91
932,5,1,26,296.82
1415,4,2,16,411.07
2140,2,2,24,411.84
2076,4,1,19,473.5
2672,3,1,100,402.51
1758,2,1,40,317.56
911,3,2,9,335.15
2280,1,2,24,431.06
838,3,2,32,283.43
2004,4,2,78,338.28
2002,5,1,21,433.05
2833,2,1,44,419.38
2008,5,2,53,435.48
2987,1,1,47,417.0
2224,4,2,46,423.29
2335,3,1,11,501.53
2233,3,1,9,507.0
3399,2,1,26,529.4
1640,5,1,14,436.16
2409,3,2,37,469.35
1671,1,1,9,388.44
1660,3,2,1,469.34
1258,2,1,35,291.22
2872,2,1,6,566.72
2050,4,1,4,532.04
1613,3,2,2,448.44
3065,4,1,25,496.77
1164,1,1,9,323.13
2836,2,2,23,503.66
2596,5,1,19,539.99
2699,2,2,33,456.14
2280,2,1,5,502.43
929,3,2,13,326.18
3038,2,1,4,639.03
2139,1,1,2,483.31
1798,5,1,58,357.74
2137,3,1,82,341.32
3018,3,2,3,673.88
3015,4,1,27,505.71
1640,5,1,26,407.84
1332,2,1,42,285.58
1540,3,1,7,416.18
2146,3,1,11,475.98
1635,3,1,27,352.96
696,3,2,33,282.45
2064,2,2,28,415.22
1737,5,2,77,303.16
2836,2,2,88,403.87
2468,4,2,54,421.23
2876,4,1,54,436.07
2942,3,1,20,528.96
1298,4,2,10,416.15
1934,2,1,6,494.5
1887,5,2,100,365.78
2546,3,2,66,409.04
1556,5,2,13,437.35
1969,3,1,1,483.94
3331,3,2,18,601.85
2021,4,3,38,405.18
1970,4,3,1,600.52
2055,3,2,8,496.11
2878,4,3,19,572.21
1604,2,2,3,452.01
1731,2,2,54,364.19
1988,2,1,28,355.38
2079,5,2,52,370.3
2223,2,2,61,373.1
2782,2,2,11,531.56
2739,4,1,19,513.68
1120,3,2,43,330.0
2245,3,1,0,559.57
1479,3,2,57,285.15
2903,4,2,11,600.0
2779,2,2,1,618.79
1943,4,1,15,462.1
2090,3,2,94,363.13
1648,2,1,1,418.52
1520,3,1,27,357.58
2112,3,1,2,523.74
2236,1,1,24,401.19
1028,3,3,10,356.29
974,2,2,10,277.34
2380,3,3,0,600.52
2343,3,1,5,547.42
2122,3,1,37,371.34
1736,3,2,1,474.85
1260,3,1,3,419.47
2261,3,3,71,375.63
1988,2,2,9,493.61
2068,2,1,12,418.3
2106,5,2,29,454.94
2460,3,1,12,503.01
1968,2,1,48,338.15
2626,2,1,21,455.33
1424,4,1,87,262.15
2845,3,2,30,539.43
2567,2,1,8,513.29
2448,2,1,86,373.68
2184,3,1,39,408.03
2486,4,2,4,636.63
2128,3,2,52,414.75
2511,4,2,25,421.52
1297,5,1,14,397.05
1916,3,1,15,414.42
1868,2,1,7,442.88
1051,2,2,19,269.32
1459,1,1,29,260.49
1208,3,1,6,364.41
2610,3,1,35,430.95
2248,2,1,2,548.26
1900,1,2,71,318.65
2977,4,2,14,604.25
2906,4,1,39,479.74
1120,1,1,66,223.47
2324,3,1,3,537.85
2471,4,1,1,607.91
1583,1,1,19,360.99
1553,4,3,21,371.09
2862,5,3,36,550.0
2398,2,1,60,376.34
1268,1,1,2,363.24
1689,2,1,0,452.64
1438,3,2,13,393.02
1226,2,1,9,365.71
1816,3,3,16,429.88
1494,3,1,5,389.48
2471,2,2,23,481.69
1524,4,1,67,295.28
2904,2,1,49,445.9
3100,3,3,33,532.9
1586,2,1,39,280.29
2550,4,3,51,448.89
1286,3,2,2,372.28
1865,2,2,6,439.76
1944,4,3,20,449.94
1309,2,2,3,359.91
2787,2,2,43,443.8
1367,3,2,23,359.71
1983,2,2,32,362.25
2644,5,2,16,552.84
2022,2,2,3,509.31
1684,1,1,47,303.88
1623,3,1,6,425.39
1875,5,1,29,409.98
500,5,1,13,293.46
1699,5,2,1,510.96
2216,4,2,4,521.52
1977,3,3,4,503.4
2203,2,3,81,343.18
1258,2,1,74,302.86
2248,5,3,6,580.35
2305,5,1,15,520.59
2565,5,2,3,624.9
988,2,1,46,203.63
2199,5,2,50,395.17
3688,2,2,46,516.31
950,2,2,10,315.83
2833,2,2,28,482.84
2359,1,1,2,548.38
3436,3,3,6,713.4
1147,2,2,42,292.58
999,3,1,6,337.4
2035,4,1,40,391.49
2072,2,1,0,533.82
2964,2,2,23,506.73
1080,3,2,51,272.22
2386,3,2,65,383.64
2519,4,1,14,505.93
1716,2,2,4,436.41
2054,4,2,28,420.68
1891,2,1,19,386.29
2530,2,2,2,587.88
2686,3,1,4,606.53
1055,5,1,24,306.39
2541,4,1,19,504.78
1776,3,1,23,384.81
500,4,2,68,203.2
1987,4,2,65,364.82
852,2,2,32,235.91
1190,2,2,96,229.42
1853,1,1,63,307.67
2070,3,3,45,373.84
2453,4,1,52,412.22
3518,2,1,17,628.5
1293,4,1,21,354.05
1761,3,2,21,437.48
1240,3,1,11,368.43
2230,3,2,3,514.54
1576,5,3,20,424.3
1303,4,1,27,334.42
816,3,1,43,234.57
1618,2,1,27,326.41
1340,1,2,1,374.38
773,3,3,9,340.33
2477,3,1,19,464.04
2571,2,2,4,560.52
1029,3,1,24,305.43
2165,3,2,1,554.51
2116,3,1,63,348.31
2498,3,3,54,442.4
2967,2,1,24,528.45
1616,3,1,6,428.85
2395,3,1,26,469.29
2212,4,2,37,403.48
2158,3,2,35,411.67
2992,3,2,25,568.18
1811,2,2,25,361.61
1330,4,1,54,306.02
3371,4,1,24,607.82
3005,3,1,25,534.45
2392,1,1,100,352.2
2042,1,3,15,418.98
1982,3,1,2,512.97
659,3,2,9,302.84
1935,3,3,56,354.79
1468,3,1,1,435.69
2215,5,1,3,537.09
1815,2,1,21,385.77
1794,4,1,9,451.93
2786,4,1,6,620.0
2613,3,3,41,456.28
944,3,1,15,330.75
1573,4,1,1,430.57
864,3,1,5,332.51
1862,2,3,55,348.97
1153,5,1,13,346.88
1501,2,3,19,415.55
1819,1,1,2,443.79
1406,2,1,100,253.11
2771,2,2,6,548.45
1357,5,1,8,439.57
3036,2,3,0,699.84
1210,3,1,22,298.87
646,3,3,19,280.56
3225,5,1,18,606.17
1501,2,1,6,411.02
2475,1,2,19,479.44
2254,3,1,39,414.15
2200,3,2,25,474.17
2765,4,1,10,588.35
2604,2,1,3,582.34
1651,3,1,47,302.04
1777,3,1,27,390.31
2391,5,3,20,548.06
1298,2,2,14,343.83
2714,3,1,31,449.11
2281,3,1,7,499.81
1468,1,1,8,369.67
2544,4,2,2,607.24
1327,4,1,16,381.74
2925,3,1,15,507.05
1264,3,2,74,274.83
1965,2,1,6,487.45
1114,4,2,2,439.96
1539,3,1,0,462.32
2288,3,2,62,409.99
2150,1,2,9,496.03
2168,1,1,25,393.97
1807,2,1,5,449.3
1785,2,1,20,352.61
1697,3,3,7,438.2
1916,2,2,18,415.26
2084,4,2,4,567.08
2286,3,2,0,579.28
1072,5,2,0,464.11
1874,4,2,30,410.5
2346,2,2,11,482.72
1500,2,2,24,362.14
2519,1,1,27,413.7
1363,3,2,29,336.47
1573,2,2,52,352.36
2246,3,1,12,508.14
1795,4,3,11,494.77
2358,3,2,30,442.27
2481,4,1,17,533.73
2675,5,2,18,561.33
2251,4,3,24,485.09
2480,3,2,13,542.27
1266,3,1,78,281.36
903,3,1,10,307.1
3224,2,1,17,548.36
2438,4,1,2,602.14
2173,4,1,7,538.85
1976,2,2,49,354.45
2098,4,2,40,387.86
2634,4,1,84,410.31
2809,4,3,5,668.24
3732,3,1,27,635.72
1802,3,2,43,338.72
1357,4,1,6,425.06
1969,4,2,6,526.25
1665,3,1,23,347.91
1821,4,3,5,499.47
2491,3,3,12,562.78
2822,1,2,4,575.91
673,3,1,7,301.92
1680,1,1,25,375.48
1842,4,3,35,425.48
1859,3,2,26,414.49
2472,2,1,5,518.16
2820,2,2,10,564.56
1321,4,2,29,355.76
2733,2,1,16,523.4
1682,3,2,47,330.96
2798,2,2,31,483.64
1363,4,2,7,418.0
1854,3,1,74,335.05
1373,1,1,4,381.74
500,1,2,22,213.12
776,2,1,61,197.64
2062,4,2,5,536.28
2225,2,2,3,518.97
1613,3,2,10,421.6
1235,1,2,18,328.71
2509,3,1,43,422.71
1652,3,1,35,333.78
2278,3,2,9,529.73
1963,4,1,15,457.98
1657,4,2,16,438.36
500,5,2,13,295.51
1687,3,1,78,265.15
1646,2,1,31,329.73
2109,5,2,21,483.62
1880,2,2,18,395.46
990,3,2,69,245.47
2411,4,2,0,631.41
1332,3,1,3,391.33
2535,3,3,22,513.64
1205,1,1,49,265.04
1652,3,1,5,406.86
2403,2,2,13,453.71
1591,4,1,81,292.25
1636,3,3,8,437.64
1890,4,2,22,424.6
2219,4,2,5,610.9
1613,4,1,31,365.72
2303,4,2,29,450.44
1719,5,1,12,473.66
2945,3,2,26,518.46
2083,3,2,32,395.09
1680,2,2,6,457.62
2596,4,1,11,588.88
2126,1,2,31,393.4
2343,4,1,72,376.63
2291,5,2,11,549.05
1373,5,1,21,382.73
2424,4,1,13,517.26
1394,5,1,1,480.42
2700,3,2,4,588.86
2268,2,1,65,358.3
3212,1,1,9,589.43
2132,2,1,63,346.95
2222,4,2,100,367.45
1959,2,2,29,388.66
1680,1,1,3,400.24
979,2,1,36,230.56
1624,2,1,18,364.4
2077,4,2,15,482.11
3009,2,2,26,540.93
3244,4,1,38,466.27
2137,2,2,11,485.16
1655,3,1,35,338.74
2288,3,1,6,546.91
2055,2,1,7,497.35
1393,3,1,29,318.12
2118,3,1,33,405.82
1971,4,1,28,381.22
1597,2,2,25,369.83
3021,4,2,33,509.99
2075,3,2,9,460.69
1590,2,1,15,383.23
1998,3,2,24,374.87
3241,1,2,11,606.25
2907,5,2,13,649.56
644,1,1,12,228.26
2086,3,1,18,423.28
1868,3,2,30,424.17
1826,5,2,1,553.35
3163,5,1,24,587.64
1918,4,3,13,454.88
557,3,2,12,249.31
1500,1,2,10,359.32
2709,2,2,27,463.8
1492,3,1,3,438.72
2711,3,1,20,476.46
1877,3,2,42,375.94
2111,3,1,9,476.66
1665,3,2,49,316.54
2011,1,1,25,405.91
2691,4,2,98,403.81
2184,4,1,93,385.3
1403,3,3,27,355.8
1967,5,1,16,505.56
2324,3,1,12,509.3
2621,2,1,7,517.96
1383,4,1,62,318.25
2138,2,1,9,484.36
1672,3,3,37,333.88
1896,3,1,9,467.45
2519,5,2,48,433.18
2547,5,1,5,648.43
1980,3,1,16,460.12
2131,4,2,30,433.58
2089,2,2,34,394.5
1590,2,1,6,380.45
2750,5,1,3,655.97
1791,5,2,58,348.35
3062,3,1,20,564.66
2087,3,3,31,461.3
2084,3,1,60,334.1
1598,1,1,34,290.39
742,2,1,20,253.73
768,2,1,22,264.72
1818,1,1,18,374.97
1569,3,1,5,443.73
784,3,1,17,266.23
2216,3,2,29,444.47
2653,5,2,17,535.94
2238,3,2,27,445.11
1412,1,2,23,321.37
1660,3,1,21,399.41
2065,2,2,2,515.27
2061,4,2,2,557.88
2112,3,2,20,441.96
1895,1,1,8,420.11
2506,1,2,23,467.05
2447,3,2,2,577.5
2027,1,2,3,475.49
1936,5,2,15,452.21
2353,5,1,3,573.29
2673,3,1,1,616.14
2007,3,1,10,457.67
500,3,2,1,284.2
2985,2,1,48,444.6
2630,1,1,60,389.95
3056,5,2,6,659.39
2359,2,2,14,490.48
1788,4,2,1,514.76
1810,2,1,30,356.75
1517,1,2,48,316.59
2409,2,1,32,416.02
1647,5,2,16,439.03
2685,2,3,11,563.73
2953,2,2,0,643.45
1840,3,2,8,475.17
2002,3,2,19,417.15
2948,4,1,33,529.53
1837,2,2,81,317.41
1570,2,3,25,354.26
1737,1,2,45,322.88
1567,3,1,37,341.65
2665,5,2,29,540.51
1827,4,3,35,425.55
2309,2,2,46,434.94
2358,4,1,8,519.93
843,3,1,18,278.5
1744,3,2,2,492.16
1656,2,1,27,313.58
2177,2,1,26,397.62
2247,4,2,1,608.24
1888,5,1,35,403.36
1739,1,2,34,336.75
2755,3,1,25,480.12
1474,4,1,12,434.9
1769,2,1,23,359.23
2228,4,3,23,468.13
1785,4,1,2,495.28
1783,4,3,18,428.4
2475,3,2,100,360.1
2086,4,3,5,537.49
2270,1,3,7,511.86
2350,3,2,14,490.97
2579,4,2,100,418.96
1409,3,1,2,418.67
1033,5,2,24,365.07
2159,1,2,35,348.12
1517,4,1,87,280.51
1799,3,2,32,340.97
1634,1,1,39,307.46
1952,3,3,23,421.33
3076,2,1,2,626.53
1272,1,2,37,273.96
1569,3,3,12,419.26
2451,2,2,45,420.77
2187,5,1,57,403.62
2222,2,3,21,442.57
2199,3,2,43,364.68
1177,3,2,1,391.56
1855,4,1,0,468.79
2345,3,2,11,530.19
643,3,2,0,331.74
2321,2,2,49,398.49
1919,4,1,17,467.03
928,3,2,26,299.11
1904,3,1,16,443.15
2479,3,1,21,466.8
2048,1,2,59,325.79
2230,2,2,49,378.94
2860,3,2,22,557.61
1136,2,2,78,257.63
2239,4,1,15,475.9
1443,2,2,40,307.19
2594,3,2,13,545.85
1637,5,2,32,402.16
2839,3,2,46,460.16
909,5,2,8,372.21
1510,3,2,1,478.54
1333,5,1,7,435.46
2041,4,2,24,454.94
2567,2,2,24,468.57
1142,3,2,48,273.29
2514,2,1,8,525.41
1739,1,2,7,393.06
2717,1,2,8,594.47
2162,3,1,52,377.52
1407,2,2,11,370.94
2228,3,1,10,511.38
2195,1,3,1,514.61
2305,4,2,25,442.7
2415,3,1,46,396.06
1364,3,2,16,386.1
1139,3,1,18,349.93
2457,3,1,21,483.1
2118,1,1,9,442.05
2083,4,2,4,552.17
1731,3,2,84,330.34
1736,2,1,4,443.47
1788,3,2,2,478.75
1540,3,2,43,332.14
1687,5,2,28,441.98
2191,3,2,20,483.72
2120,3,2,5,532.33
676,4,2,37,265.63
1000,4,1,69,220.53
2252,2,2,2,548.34
2092,3,1,36,364.37
2184,1,2,75,335.31
1862,3,2,27,410.2
1771,3,2,8,458.2
2096,4,1,1,549.57
1448,2,1,27,292.0
2456,1,1,38,378.6
1524,2,1,71,274.36
1938,3,1,38,327.43
3219,3,2,74,447.81
3145,3,2,53,476.66
1992,3,1,56,373.63
3151,3,2,22,547.62
2276,2,1,3,509.67
2635,2,1,9,511.89
2084,3,2,50,371.36
977,2,2,3,346.77
2824,3,1,4,596.19
1773,5,2,10,493.26
2226,2,2,3,513.47
2249,2,1,3,556.56
2795,1,2,33,474.97
1792,3,2,24,394.16
974,4,1,2,392.02
1493,4,3,4,480.77
2972,1,1,3,625.43
1723,5,1,10,471.56
1383,3,2,3,423.37
1520,3,1,5,405.18
1955,1,2,4,460.64
1184,3,1,19,354.72
2070,3,3,4,579.56
2948,4,1,19,568.8
1354,3,2,32,326.84
2427,3,2,100,352.25
2174,4,1,51,377.54
1623,2,2,12,423.65
1425,1,2,27,339.81
2034,2,1,15,437.91
3079,2,1,54,442.9
674,5,1,8,311.86
2355,2,1,44,384.33
1954,3,1,2,502.09
1976,2,3,23,446.36
1893,1,2,12,417.71
1343,2,1,41,304.53
2690,3,2,39,445.47
2915,3,3,15,585.21
2236,4,1,17,516.79
2145,3,3,81,366.19
1322,2,2,8,335.07
2071,3,2,0,558.77
2825,2,2,31,475.16
828,3,1,6,307.16
2235,3,2,98,341.03
2491,2,1,12,484.98
1239,3,1,29,302.3
1086,3,2,4,350.56
2503,2,2,100,372.18
2343,5,2,7,553.92
1590,3,2,5,455.19
2042,3,1,38,386.3
2506,1,1,40,450.68
3232,2,2,1,677.67
2040,4,1,41,393.25
1583,3,2,40,326.59
2057,2,2,100,357.03
1412,3,2,46,341.6
2467,2,2,23,460.76
956,5,3,4,409.19
1771,2,2,14,405.51
1605,3,1,10,418.98
1896,2,2,23,418.4
3153,3,2,3,659.97
2270,1,2,3,525.65
1722,2,2,84,272.24
517,3,2,20,239.48
2360,2,1,37,410.36
2052,2,1,1,491.31
2374,2,1,17,478.59
1756,4,2,32,347.49
2023,2,1,34,389.94
1624,5,1,32,399.39
1004,4,2,29,298.74
2066,1,1,15,415.81
2743,2,1,20,462.3
2096,4,2,0,592.38
1291,3,3,42,333.71
2067,2,1,5,468.27
1516,5,2,28,390.0
890,4,3,58,304.15
2011,3,1,5,519.07
1439,1,1,5,384.87
1564,3,2,24,378.32
2065,1,1,10,431.84
2507,4,1,15,524.72
1542,3,1,31,319.06
3001,2,1,18,530.58
1600,3,1,55,318.68
2288,2,1,4,542.6
2557,1,1,38,426.43
1411,3,2,58,324.85
2806,4,3,23,537.04
1854,3,2,4,464.93
1773,3,1,7,471.06
2063,4,2,9,501.56
2030,5,2,7,546.24
2012,3,1,4,495.66
2380,5,2,37,478.52
2234,4,1,3,562.67
1512,2,3,19,397.14
1449,5,1,12,449.97
3251,2,1,1,685.57
1484,5,1,19,409.16
1420,3,2,21,375.65
2055,5,1,8,518.08
2634,3,3,7,607.08
2512,4,2,1,635.81
1667,4,1,24,356.0
1487,5,2,26,369.85
2250,1,1,31,370.87
2199,1,2,18,425.31
1854,4,2,14,469.96
1513,3,1,0,436.11
2464,3,2,68,407.4
2820,3,2,21,496.8
1280,3,2,15,355.04
2642,1,2,20,462.15
1851,3,1,9,440.44
1789,4,2,21,434.96
1966,3,1,2,511.1
1565,3,2,74,301.68
2027,3,2,5,503.96
1723,5,2,28,404.42
2947,1,3,8,589.66
2257,5,1,19,514.03
3442,3,1,42,536.08
3137,3,3,6,646.82
1764,5,2,39,378.92
1247,3,1,100,238.5
702,2,2,1,331.13
1424,3,1,40,313.22
3451,5,1,10,684.5
2450,3,2,14,500.29
2239,3,1,58,384.94
2064,4,2,19,474.42
2400,5,2,16,531.45
1575,3,1,100,287.62
1466,4,1,10,376.3
2121,5,1,16,456.73
1367,3,1,64,290.27
1583,4,2,50,318.0
1323,3,2,72,273.94
2426,1,1,54,367.11
2472,4,1,81,391.66
2658,2,1,15,495.24
1665,5,2,15,433.03
2321,3,2,32,418.06
1438,3,1,35,329.73
1263,4,2,95,272.98
1693,3,3,41,328.45
1201,3,3,0,419.49
1916,3,1,39,379.13
1143,5,1,68,271.05
1392,5,1,18,342.43
523,3,1,2,282.98
1784,2,2,2,465.8
1501,1,2,70,252.43
2367,2,1,12,477.36
500,3,1,40,200.66
2644,3,2,4,594.32
2050,2,1,1,506.89
1312,1,1,0,383.27
1719,4,2,11,481.52
1665,2,2,18,351.73
2282,1,3,2,575.86
2192,2,2,68,349.78
1697,4,1,17,373.78
1816,5,3,62,391.77
2086,3,1,34,376.79
2206,3,1,28,443.64
1320,4,1,66,311.71
1859,2,1,6,467.22
1900,2,2,4,506.68
1824,2,1,41,340.33
2130,3,1,100,333.27
2188,1,2,56,320.31
1458,3,2,18,375.48
3224,3,2,10,638.02
2472,3,2,8,557.95
2651,4,1,6,608.08
1666,4,1,3,461.5
2776,3,2,20,508.03
1893,3,3,31,388.04
2350,3,2,1,553.85
1687,1,1,44,317.36
1999,3,2,41,367.3
768,3,2,7,349.03
804,4,1,100,211.98
1626,2,1,18,340.68
2157,2,3,14,488.57
2563,3,1,4,575.03
2692,3,1,11,546.14
1762,2,3,32,364.75
1086,3,1,45,267.41
2125,1,1,9,450.6
2031,3,1,2,508.57
1372,3,1,29,362.12
1060,3,3,0,431.43
1729,3,3,34,380.28
1454,5,1,23,371.22
1551,2,1,0,428.78
1088,4,2,5,401.32
1691,5,3,29,413.0
1929,3,1,23,410.5
1682,3,1,37,371.43
1861,3,2,7,459.17
3108,2,1,5,616.56
2778,5,2,32,504.62
1929,3,2,63,358.86
1968,2,2,90,335.08
3451,2,1,41,492.65
2179,4,3,51,382.44
1740,3,2,0,477.42
2775,4,2,36,506.74
1714,4,3,14,459.95
2056,4,2,16,497.59
1984,3,1,2,522.03
4092,5,2,1,897.92
2588,2,1,46,413.23
2334,2,2,100,366.36
1765,3,2,73,295.2
2274,3,1,42,403.13
1206,4,1,9,397.11
2642,3,2,3,598.91
1479,5,3,31,370.18
2754,2,2,19,516.13
1068,2,1,2,355.2
1612,1,1,50,267.26
1765,1,2,4,433.04
1131,2,1,17,295.01
2313,3,2,25,407.35
1940,1,2,12,451.96
2805,2,1,7,573.6
674,4,1,8,321.78
3247,4,2,53,513.96
1360,3,2,26,372.55
1556,5,1,22,371.05
1449,4,1,8,445.02
2265,5,1,16,505.12
2591,2,1,58,400.27
2335,5,1,48,419.15
2690,3,1,21,525.69
963,3,1,17,298.72
2380,2,2,9,553.56
1663,3,2,2,446.29
1586,4,2,31,339.96
2148,4,2,22,486.47
3195,4,1,30,568.11
1171,3,2,3,405.76
2035,5,2,6,542.23
2324,2,3,9,572.4
2465,4,1,2,615.11
2136,4,1,5,550.24
2311,5,1,6,531.29
2538,2,2,7,549.97
1840,3,1,75,326.32
2730,3,2,51,449.27
1740,3,2,18,417.66
2838,4,1,5,588.33
1705,3,1,30,386.64
2197,1,1,26,409.0
1988,4,2,8,516.18
850,3,2,0,352.31
1396,4,1,20,385.07
1569,5,1,17,421.44
1689,3,1,31,363.71
1755,4,2,12,429.03
1757,5,2,76,336.72
2577,2,2,37,450.07
1642,2,1,9,391.48
2457,3,2,46,399.79
866,3,2,21,295.77
1368,2,1,11,344.1
1452,1,1,67,238.59
1579,2,2,0,456.57
2948,5,2,10,629.5
2036,3,3,27,427.63
2033,3,1,15,456.02
1568,4,1,24,381.3
1738,4,1,19,426.92
1510,4,2,36,350.47
2122,5,1,20,442.62
1683,2,1,3,438.35
1917,3,1,14,404.89
1468,2,1,3,418.59
1741,1,1,58,267.78
1453,4,3,4,459.78
2511,2,1,4,566.57
1935,2,1,11,424.95
1355,2,2,24,326.67
1816,1,2,45,364.27
1496,2,1,71,272.4
1604,5,1,68,339.73
1711,2,1,18,383.24
1703,3,1,10,395.52
1657,3,1,20,347.33
1074,3,1,10,341.0
1821,5,1,19,410.15
2583,3,1,20,522.29
3038,5,1,31,498.09
1697,3,3,100,305.27
1717,4,3,23,433.55
1443,3,2,28,315.92
1773,4,1,7,471.13
936,4,1,11,314.53
1547,1,1,63,286.97
2935,5,2,62,465.18
1887,5,2,14,439.75
2002,3,1,16,464.37
1302,1,2,89,231.34
2150,3,1,11,488.96
3277,3,1,5,710.07
3334,2,1,39,508.58
1676,4,3,11,475.48
2676,3,1,47,431.38
2167,4,2,8,499.78
1901,4,1,22,412.13
2232,1,2,25,405.31
1968,3,3,4,537.49
2825,2,2,11,556.72
1231,1,2,78,207.29
1864,4,1,5,491.9
1860,2,1,23,419.25
2684,1,3,17,515.27
2333,2,1,3,537.25
2046,3,2,10,474.17
1317,5,1,20,371.29
2693,1,2,1,629.78
3034,1,1,15,542.2
2667,2,1,11,546.37
3080,1,1,1,666.22
2687,3,2,13,554.11
3103,2,1,17,565.98
2886,5,2,1,703.62
1706,4,2,5,508.06
2571,2,2,91,409.36
1675,4,3,6,455.32
1876,4,1,40,396.97
1258,3,1,1,405.71
2112,3,1,7,488.53
710,1,1,88,180.42
2300,3,2,48,399.68
3122,2,2,39,516.92
2443,3,2,45,431.62
1791,4,1,31,381.45
2001,2,2,7,495.81
1523,3,1,22,368.56
2363,3,1,17,463.74
1855,4,2,35,393.33
1678,4,1,10,419.86
2124,4,2,20,466.56
1532,1,1,71,280.26
2173,2,2,7,495.37
2490,4,3,34,447.99
1429,3,2,23,367.61
1663,3,2,28,336.5
2425,3,2,24,498.66
2058,3,3,34,417.2
1469,2,2,3,413.32
1692,4,1,1,504.36
2527,3,3,4,625.48
1796,3,1,32,343.44
2347,2,2,7,547.49
1972,2,1,29,389.96
2755,4,2,59,454.62
2255,4,1,22,472.22
2250,2,2,15,474.21
2060,3,1,1,537.07
1566,5,2,33,379.14
1610,3,1,15,403.42
2061,4,3,1,560.31
2885,2,2,0,610.99
3223,3,2,66,464.46
1267,1,1,26,268.29
1289,2,2,31,292.4
2624,4,1,9,554.92
2999,2,1,3,662.41
3110,3,2,31,509.54
2700,2,1,25,436.62
2398,3,1,3,566.22
2723,5,2,45,441.72
2066,3,3,5,536.22
2349,5,3,59,407.33
500,4,1,15,243.36
2179,5,2,36,442.04
1709,3,2,66,310.9
1874,1,2,43,348.39
2056,3,3,38,376.62
888,4,2,21,321.08
2009,2,1,2,500.93
1769,4,1,37,379.96
2180,3,3,0,589.83
1749,2,2,5,467.53
1774,2,3,82,314.67
1438,2,1,7,386.96
2723,3,2,65,433.99
2198,3,2,18,457.06
1850,2,2,40,340.98
2837,4,3,29,524.61
1890,5,1,61,326.63
3360,3,1,90,490.4
560,2,1,22,204.06
3422,2,2,9,655.41
2307,4,2,43,457.52
1674,2,1,9,414.92
1604,4,1,79,308.88
1332,4,1,27,313.48
1898,2,2,68,338.3
2018,2,2,24,406.8
1460,3,1,68,291.85
2381,3,2,100,390.69
2559,3,2,53,410.43
2848,2,1,15,539.62
1907,2,1,18,416.33
1640,3,2,3,456.02
2882,3,1,4,640.54
1559,3,2,21,323.18
1518,3,1,9,411.62
1697,3,2,42,349.85
3088,3,1,86,418.93
1324,2,1,1,397.39
1564,4,1,9,413.85
1913,2,3,56,424.56
2645,4,3,30,493.95
2437,3,1,30,472.24
2585,1,1,16,449.61
858,2,1,100,214.46
2217,4,3,16,518.69
1166,4,2,0,449.98
769,2,1,24,249.5
2206,3,1,79,341.17
2176,3,1,0,574.86
975,1,1,45,247.52
3178,3,1,0,696.39
1267,1,3,17,338.45
2508,3,1,24,451.38
1230,2,2,25,348.8
2463,2,1,11,467.7
1678,5,1,2,505.25
1822,3,1,7,461.61
1981,3,1,1,507.37
2397,5,1,0,605.54
1187,2,1,49,274.96
2460,2,2,31,440.65
2291,2,1,9,498.22
2831,3,2,0,671.38
3427,2,1,5,652.88
2117,3,2,6,497.6
2131,2,2,0,537.11
1383,3,2,2,414.2
1155,3,3,5,396.74
1406,3,2,32,349.61
2414,5,2,43,457.42
1688,3,2,12,475.56
2001,4,2,34,397.15
1398,1,1,9,360.87
1651,2,2,30,366.7
1645,2,2,19,368.15
1518,1,1,2,443.79
2283,3,1,22,430.68
1507,2,2,5,432.89
1420,4,3,16,408.42
3258,4,2,9,699.63
744,2,1,18,256.32
1617,4,2,33,392.31
1734,2,1,16,372.61
500,3,2,41,215.42
1542,4,1,19,371.14
2227,4,2,6,547.8
1003,3,3,48,270.73
1584,3,1,1,420.04
1886,5,3,6,521.89
1993,2,2,40,360.74
2376,3,2,30,452.5
2454,2,1,9,525.79
3479,3,1,43,519.3
2366,3,2,45,410.41
2117,2,2,47,400.1
2049,3,2,57,357.52
1880,2,2,3,473.53
2551,3,1,16,524.62
784,4,1,48,278.22
1511,3,1,14,405.44
1889,5,3,41,402.59
2236,2,2,1,521.58
2260,3,2,36,414.3
1150,5,2,19,347.46
3265,5,2,0,767.2
2235,2,1,7,496.15
2032,5,2,15,511.15
1718,1,3,6,422.13
1246,1,1,8,328.98
2068,4,1,5,497.71
1880,3,2,25,364.51
1753,2,2,25,361.76
1888,3,2,12,487.41
2104,4,1,38,417.42
1827,4,3,2,547.39
1974,3,2,5,492.1
1995,4,2,27,404.45
1575,2,3,32,338.91
760,4,2,0,343.89
1012,3,1,6,355.33
1467,3,2,9,431.24
1730,3,2,69,357.24
2803,3,1,1,666.02
3413,2,1,3,694.3
1562,2,2,30,317.75
640,3,2,9,295.02
1380,3,2,8,406.45
1986,4,1,20,470.17
2308,2,2,1,564.33
2857,2,2,17,544.36
2461,3,1,13,510.35
1821,3,1,10,446.09
1604,4,3,10,478.52
2373,5,1,42,507.21
1689,3,1,14,416.6
1534,4,1,6,398.29
1617,3,1,13,422.56
2147,3,1,34,398.64
1572,5,2,22,366.3
2077,3,2,12,477.7
1967,3,1,25,410.42
2036,3,2,64,343.26
1805,1,1,3,458.78
3124,4,1,3,707.15
2248,2,1,2,530.2
2953,3,3,1,706.86
2791,4,1,28,516.36
2394,3,2,14,505.15
1331,2,1,60,285.78
1622,5,2,2,513.77
2319,4,3,9,583.16
2271,3,1,6,563.8
2101,2,2,11,475.51
1250,2,3,77,233.82
1741,3,1,7,424.94
2392,4,2,16,531.3
2912,4,1,15,549.06
1725,2,2,87,311.23
2444,3,2,30,416.91
1293,2,2,10,359.91
2132,4,2,19,478.03
1431,5,2,54,305.64
1959,2,2,22,410.49
1357,3,1,8,378.98
1323,3,2,1,410.58
1593,1,1,22,362.44
1687,1,1,20,358.36
1267,4,1,0,428.21
858,4,2,49,288.75
1846,2,1,5,478.65
1898,3,2,18,411.86
2313,5,1,8,543.93
724,4,1,4,332.86
3670,4,2,2,777.76
2079,3,1,38,386.1
1346,2,1,21,357.3
1639,2,2,3,435.67
2041,2,1,18,398.56
1789,3,1,19,413.96
1733,3,2,18,412.4
617,4,2,17,296.64
1107,3,2,100,226.55
1774,4,2,4,474.3
2898,3,2,1,735.29
1645,5,3,22,419.32
2497,2,1,4,538.35
1411,4,2,48,287.3
2719,5,1,6,590.91
2056,4,2,40,409.8
2312,4,2,2,587.33
1841,5,2,3,526.25
1324,2,1,49,307.27
1582,2,2,26,364.97
1149,3,3,39,280.4
2359,4,1,33,477.71
1502,2,1,6,428.91
2569,2,2,7,559.02
2977,4,1,13,590.64
2154,5,1,60,387.85
2843,1,2,7,603.1
1501,2,1,42,316.63
2171,3,2,59,357.69
2584,2,1,4,594.58
1425,5,3,10,464.08
2226,5,1,69,353.9
2016,3,2,21,442.54
1552,2,1,28,314.11
1038,5,1,0,394.19
2817,2,3,4,636.78
1579,3,1,39,345.96
2455,4,1,29,457.88
1319,3,1,12,384.25
2232,3,1,10,492.68
2326,4,1,54,415.65
2650,3,2,4,592.4
1762,3,1,29,353.44
2999,1,1,8,595.85
1675,2,2,7,429.09
882,1,1,13,274.56
2560,4,3,70,454.55
2796,2,1,5,569.3
1402,3,1,14,376.21
2050,3,2,0,521.47
2464,4,2,23,495.48
1479,1,1,5,408.39
1318,3,1,63,261.6
1327,2,1,27,289.98
784,3,2,35,251.6
2004,2,1,7,460.53
2823,3,1,100,408.14
1860,2,1,39,360.95
1572,2,1,3,427.87
2223,2,1,28,403.36
2767,4,2,22,533.66
2608,2,2,22,538.57
1774,2,2,25,340.53
1384,5,2,48,371.45
1513,2,1,19,367.13
2287,2,2,48,367.51
2669,2,1,100,356.32
2027,3,1,27,394.24
2210,3,2,1,598.95
2362,5,3,20,539.29
2600,5,2,100,412.62
2093,2,2,67,359.81
1576,2,2,16,426.88
2740,4,1,27,503.95
2483,5,2,49,454.45
500,1,1,3,240.04
2944,5,1,5,632.84
2007,2,3,3,548.79
1632,3,1,47,327.33
1414,2,1,9,361.11
1923,4,1,40,373.64
1585,3,1,23,354.7
2782,5,3,36,549.86
2356,3,3,6,550.43
3279,3,3,21,585.81
1572,2,2,2,434.58
1494,2,1,33,316.55
1398,2,1,9,345.76
2677,1,1,14,504.03
1114,2,2,21,285.24
2147,3,2,3,565.92
1741,3,1,15,438.71
2550,3,3,13,571.29
1457,4,1,21,370.53
1426,3,3,4,406.14
2302,3,2,8,533.09
1698,2,1,17,420.81
928,2,2,11,312.88
931,3,3,64,267.32
1274,1,2,31,303.47
1757,2,2,15,420.22
2344,5,3,64,425.52
2200,2,1,8,492.0
1992,3,1,9,456.71
2087,4,1,71,337.78
2679,3,1,50,407.62
595,3,1,77,211.28
1410,5,2,11,467.2
2402,4,3,1,636.91
640,3,1,10,264.59
2427,3,1,8,520.36
754,2,1,32,269.33
2658,3,2,23,497.33
1014,3,2,89,240.48
1300,3,2,33,295.35
1413,2,1,19,329.14
1805,4,1,42,346.29
1665,3,3,4,483.04
2535,2,1,9,552.74
2605,4,1,7,547.08
3301,4,1,9,667.85
1475,4,1,1,470.9
1946,3,1,13,451.68
1092,3,2,0,417.3
2312,3,1,0,576.2
2267,5,1,31,476.01
1885,4,2,2,513.02
1084,5,2,0,407.06
1820,2,2,26,363.93
2405,3,1,87,332.49
1683,3,3,48,363.47
622,4,2,5,305.91
2750,2,2,25,490.92
747,2,1,9,287.11
2381,4,2,3,587.18
1620,5,1,7,460.6
1803,3,1,100,310.8
2165,5,2,28,475.57
2254,3,2,24,454.37
1876,4,2,17,473.72
1348,4,2,20,400.55
1845,3,1,20,387.31
968,3,1,12,296.0
2123,2,2,0,538.69
2599,3,1,98,364.0
1566,3,2,22,377.71
805,4,1,17,321.76
1212,4,1,2,444.99
1191,5,2,65,332.17
1880,4,1,61,263.19
2023,2,1,7,418.87
1330,2,1,12,387.69
3180,4,2,13,678.58
1285,4,2,31,352.04
1771,2,1,6,453.93
1510,3,3,9,453.52
1582,4,2,31,338.89
1810,5,2,34,399.38
1961,2,1,6,489.25
1542,3,2,48,325.96
826,5,1,6,410.53
1997,2,2,11,457.35
2118,2,2,5,534.33
1858,5,2,52,359.95
2038,2,1,78,284.68
1608,3,1,23,325.36
935,2,2,44,239.95
1951,3,2,1,504.77
2643,3,2,14,550.99
2243,3,1,3,522.4
2095,1,1,21,379.61
2552,2,1,65,352.59
1791,2,1,100,304.77
1691,5,1,100,314.17
2106,2,1,2,502.18
1619,4,3,25,387.24
1703,2,2,37,297.84
1671,3,2,5,386.08
2014,3,1,29,396.78
1659,2,1,1,463.28
1629,3,3,0,491.91
2333,3,1,57,396.75
1300,3,1,2,420.41
2812,5,1,8,595.18
1149,4,1,9,384.23
1705,3,1,2,463.54
569,5,1,49,210.24
769,3,1,17,264.23
1570,3,1,0,469.36
1183,1,2,41,249.57
2882,2,2,7,605.32
1187,2,1,6,359.18
1720,2,2,4,466.49
2301,3,2,57,376.63
1874,4,1,4,503.17
2050,3,1,20,380.67
1375,1,1,2,381.28
1769,4,2,32,387.19
1256,3,1,17,344.44
2538,2,3,2,578.81
1382,4,1,31,316.39
2044,2,1,34,357.95
2165,3,1,9,516.62
2053,3,3,7,521.24
2072,4,2,5,526.9
2287,4,1,22,460.52
2039,3,2,23,426.49
2100,2,1,0,512.02
1475,5,1,20,394.81
1985,2,1,15,417.27
2556,4,1,14,526.28
2083,3,1,30,385.02
2745,1,2,7,573.97
1748,5,2,8,510.46
2278,2,1,21,477.22
2401,2,1,3,535.91
2073,3,2,39,384.03
1311,4,1,0,450.24
2346,1,2,18,433.69
2066,3,1,15,429.23
2646,1,2,11,546.34
1806,1,1,0,451.5
2771,3,1,4,622.2
1861,4,2,31,397.63
670,5,1,23,302.8
3070,4,1,6,636.15
1921,4,1,20,441.41
2585,4,1,45,446.81
2121,2,2,4,522.0
3342,3,1,37,509.55
2587,3,2,89,390.04
2357,4,1,35,431.56
1428,3,1,6,381.12
821,3,1,16,287.1
1536,3,1,39,295.55
1680,2,1,68,311.48
1881,2,2,100,261.13
2234,3,2,26,455.42
1834,3,1,11,442.17
1442,2,2,0,449.63
1254,1,1,10,313.05
1764,2,2,13,425.5
2544,3,2,22,478.62
1744,3,3,27,364.27
1647,5,1,0,570.36
1196,2,3,82,269.91
3152,2,1,3,652.47
1157,3,1,14,339.57
2293,4,2,42,463.26
2497,3,1,1,599.74
2057,3,2,93,310.13
1103,4,1,2,401.26
1997,3,3,19,483.2
1422,3,1,0,443.81
1698,2,2,4,446.63
975,3,2,49,284.96
1134,4,2,11,397.08
2353,1,1,51,369.41
2520,4,1,57,380.95
1672,5,2,31,418.39
1955,3,2,4,510.17
2932,4,2,67,470.69
2247,3,1,6,535.92
1330,4,3,15,404.1
2121,2,2,22,433.4
2646,2,3,12,572.75
1399,2,2,54,258.31
1344,4,1,19,364.38
883,3,2,15,282.0
705,2,3,12,275.67
1335,3,2,7,388.07
3151,4,2,18,610.86
2621,2,2,100,357.11
2939,3,2,7,636.25
2237,4,1,1,553.64
2253,2,3,16,489.4
1786,5,1,7,451.21
1413,2,1,28,296.78
1373,1,1,4,378.3
2497,1,1,64,363.8
2265,2,1,0,572.55
1825,3,1,75,320.61
810,3,3,60,237.34
1704,4,1,35,362.91
2308,5,1,13,526.96
2672,2,1,98,407.35
1791,5,1,48,370.92
2444,2,2,1,570.75
2432,5,2,9,588.28
801,4,1,14,305.03
1962,5,1,5,518.57
2376,5,1,65,399.66
1448,1,2,15,345.08
2518,1,2,20,431.31
2162,3,2,0,533.09
1384,4,1,37,312.09
3229,3,2,19,624.65
1043,3,2,2,413.38
3168,4,1,1,711.27
1396,4,1,40,352.22
1324,2,3,13,372.43
2041,5,1,11,517.18
2122,3,1,32,373.72
1634,4,1,39,349.71
1478,2,1,65,247.39
2124,3,2,28,397.57
2204,3,1,52,351.36
1155,2,2,29,305.89
2303,2,2,85,366.29
2453,4,1,46,409.94
2409,4,1,4,616.38
2662,5,1,16,551.29
3216,2,1,8,603.61
1661,4,1,23,390.11
2397,3,1,0,606.6
1811,2,2,14,430.99
1973,2,1,12,407.96
976,3,3,53,290.51
2005,1,1,15,396.85
1366,3,3,41,283.12
1414,3,2,30,373.81
1116,3,2,4,360.64
2824,1,2,1,591.99
2165,2,3,6,464.82
2370,3,1,3,595.78
2599,3,2,29,472.34
2659,4,1,19,532.51
2696,3,2,9,557.4
1344,3,1,35,359.11
2122,2,1,73,307.64
893,2,1,48,185.02
2296,3,1,23,452.37
2659,5,1,69,412.48
3223,3,1,28,550.51
2680,2,1,0,613.95
2714,3,1,91,381.71
1761,1,2,3,427.95
1332,2,1,1,424.36
1747,2,1,16,385.35
1500,3,1,13,387.7
2700,1,2,9,556.97
1965,1,2,22,379.5
1065,4,1,10,359.31
1795,2,3,63,300.83
1175,4,2,36,346.62
1934,3,2,3,520.02
2662,5,2,19,549.5
2201,5,2,10,540.87
2456,3,1,5,568.56
2116,3,1,37,404.98
2581,3,2,7,561.8
1852,1,2,9,452.62
1721,4,3,31,357.34
2891,1,1,26,436.07
2153,3,1,100,350.06
1898,4,3,0,556.46
2195,5,2,2,575.82
1346,4,1,19,368.29
1196,3,2,23,360.57
2748,5,1,14,559.16
1954,2,2,22,437.54
2184,4,1,19,490.72
2659,1,1,65,347.82
1895,3,1,4,489.47
3148,4,2,0,698.66
3000,2,3,58,453.58
1310,2,1,2,431.46
2776,3,2,12,587.56
2012,2,2,10,502.88
2167,5,1,41,403.27
1423,4,1,3,431.39
1246,3,3,100,264.97
1538,3,1,60,301.98
1478,3,1,19,383.51
2104,3,1,31,374.68
2560,3,2,31,453.71
726,4,1,51,212.74
2354,2,2,9,549.86
1696,2,1,26,381.03
1964,4,1,39,373.57
1875,2,1,100,274.28
2346,4,1,20,493.45
2330,2,1,0,542.26
3184,4,3,19,619.17
2155,3,2,36,371.76
2767,4,2,5,658.94
1957,3,3,1,532.92
2370,2,1,49,377.62
2590,3,3,31,442.59
2880,3,3,28,551.78
1550,2,2,11,423.31
2058,3,2,17,435.43
2365,4,1,5,565.28
2527,1,2,11,522.05
3299,4,1,3,698.52
2454,3,1,24,476.22
2117,3,2,64,381.28
2154,1,2,32,348.29
2402,2,2,31,424.71
1853,2,2,55,347.36
1752,4,2,27,387.1
856,4,1,13,355.97
2190,3,1,58,385.8
2721,2,1,12,555.69
3016,1,2,22,546.95
1583,5,1,22,405.73
3021,4,1,49,450.95
1706,3,1,28,335.47
2114,5,2,31,429.33
1793,4,2,47,336.9
2279,4,1,14,522.18
937,4,2,59,261.43
2773,1,3,13,559.21
2597,3,2,14,523.39
875,3,1,66,228.23
2910,3,1,3,629.94
817,3,1,57,231.27
1867,2,1,9,459.61
1244,3,1,1,372.69
2530,5,2,16,546.85
1283,4,1,4,430.61
2803,3,3,11,595.68
2178,4,2,4,557.64
2842,1,3,4,632.23
1706,3,2,9,440.95
2052,2,1,1,498.86
2734,2,2,5,586.9
1481,3,3,21,362.21
2647,3,2,25,479.12
1437,3,1,8,401.34
1932,1,2,19,388.63
1920,1,2,100,280.97
1585,1,2,14,379.34
2353,5,1,16,516.8
2607,2,2,25,450.5
500,4,1,42,248.89
2848,2,2,16,541.17
1734,2,2,18,381.57
3322,5,1,17,631.64
1736,1,2,8,426.98
2848,3,2,58,442.27
2688,3,1,3,625.25
2515,1,1,7,528.99
1886,2,3,11,478.61
1360,3,1,12,399.17
1776,3,1,19,385.73
2950,3,1,22,520.63
2618,2,2,50,441.45
2039,2,1,37,350.82
3045,2,3,12,580.37
2168,3,1,6,511.8
3212,2,1,25,534.89
2236,4,2,8,517.74
1790,1,1,61,272.08
2094,3,1,20,437.0
1625,2,2,21,350.33
1911,4,1,12,456.76
2721,2,1,5,577.18
2090,3,1,11,438.53
3404,5,3,72,485.89
2277,3,2,68,365.51
1540,3,2,29,371.86
2745,5,2,22,562.99
2008,5,2,13,509.65
3128,2,3,12,590.8
1083,2,1,38,230.22
1644,3,2,9,433.96
2564,3,3,21,487.2
2163,3,2,61,356.21
2004,5,1,0,558.35
1500,1,3,33,312.67
2683,2,2,0,624.54
1125,3,1,27,327.88
856,3,3,34,286.16
1300,3,1,18,363.13
1257,1,3,12,346.67
2594,3,1,23,486.25
530,2,1,9,248.48
1599,5,1,57,314.57
2427,2,1,10,484.98
1532,3,1,3,445.72
1858,2,1,3,461.3
2775,4,3,48,490.59
1472,3,2,4,442.13
1298,2,2,8,370.14
1808,4,2,4,514.6
2365,5,2,13,555.12
1503,1,2,81,239.47
1331,4,2,2,467.13
1695,2,1,12,437.14
1109,2,1,38,284.49
2650,2,2,41,411.97
834,3,1,49,220.24
2444,3,3,5,568.39
2071,5,3,8,550.45
2531,2,2,46,422.08
2034,3,2,100,289.65
2590,2,2,17,507.76
1691,3,2,42,352.13
2033,3,2,1,538.78
1868,1,1,14,350.16
1738,3,1,12,449.92
1582,1,2,32,289.47
1287,2,1,25,297.82
2879,4,1,0,673.53
2075,2,2,22,445.4
3147,5,1,19,619.44
2423,4,2,23,512.18
1726,1,2,9,409.51
2732,1,2,67,395.2
2544,2,1,0,578.17
1216,3,1,45,245.59
3216,4,1,40,522.73
1485,4,1,6,415.68
2773,2,1,18,520.78
2166,4,2,5,553.89
2204,4,1,26,442.34
2626,5,2,22,533.83
2069,5,1,12,468.27
1358,1,2,13,357.58
1525,2,1,16,357.26
1827,3,2,12,463.48
1742,3,1,10,401.52
1124,4,2,2,410.93
1636,5,2,9,463.83
2616,2,3,11,550.61
2883,3,3,30,490.12
2771,4,1,59,406.92
3239,5,1,47,530.49
1801,4,2,22,408.66
1336,2,2,100,252.26
2392,4,1,11,542.0
2600,2,2,44,445.97
2571,1,1,6,542.59
2721,2,2,42,440.03
2135,1,1,16,418.29
2003,2,2,87,295.67
2319,3,1,14,530.68
2176,3,1,77,360.69
1644,3,1,33,338.22
1899,3,2,27,417.28
1905,3,2,17,433.42
2640,3,1,63,437.43
2220,2,1,12,455.74
1611,3,1,9,395.51
2133,4,3,28,435.87
2174,3,1,8,542.73
3363,2,2,35,536.51
2022,3,1,79,343.2
2650,3,3,15,560.28
1661,2,2,46,316.47
3016,3,3,36,538.08
2738,2,1,66,389.38
1701,3,2,8,465.69
2006,2,2,15,455.1
1256,2,2,62,221.89
1697,4,1,21,397.81
2044,4,2,15,473.8
2663,1,1,0,580.34
2429,2,1,38,415.91
2038,3,1,51,353.39
3383,1,3,0,702.55
2957,1,3,15,536.48
1386,2,2,19,364.94
2267,3,1,34,386.75
2065,3,1,83,324.43
1612,4,3,54,329.07
1595,3,2,3,460.06
1625,3,2,36,371.68
1996,4,1,22,433.25
2219,3,3,3,540.32
2734,2,2,43,421.74
1965,4,1,34,407.47
2124,2,2,42,349.76
1818,1,2,95,309.23
2721,2,1,2,626.14
1033,2,1,33,251.66
1341,2,1,12,318.91
610,1,3,22,226.27
2464,3,3,4,577.68
1250,2,1,12,338.93
2075,2,1,0,516.89
1411,4,2,3,498.42
2355,3,1,32,445.31
2307,3,3,7,591.5
1403,4,2,24,382.22
1571,3,1,6,406.86
1624,2,3,29,385.64
2523,2,2,8,529.75
1935,3,2,42,362.47
2606,5,1,6,591.63
1891,1,1,16,422.32
2630,3,3,4,609.39
1532,3,1,53,288.63
833,1,1,1,309.68
1618,4,1,3,437.18
2456,2,1,11,502.16
2084,3,1,26,419.62
1651,2,3,2,448.7
2597,2,2,11,541.67
3154,2,1,26,512.02
1574,2,1,13,381.44
1725,4,1,18,421.6
1621,2,1,9,386.55
1477,3,2,39,287.6
2334,4,1,80,345.01
2465,3,2,3,581.23
1849,3,1,29,373.05
2375,3,2,31,441.14
2969,5,1,3,690.63
2750,5,1,45,466.8
773,4,1,29,289.69
2198,3,1,14,474.66
1470,5,1,26,362.33
2036,2,2,36,347.95
1259,2,2,15,359.15
1836,4,1,8,468.86
2113,3,1,22,440.07
2227,5,1,19,461.11
2393,1,1,34,382.59
2050,2,2,7,478.42
500,2,1,25,227.93
2101,1,1,46,343.03
1972,5,1,42,378.92
2258,3,1,8,510.21
2324,3,1,2,551.65
2216,1,2,4,527.24
2293,3,1,9,486.81
2670,4,1,100,383.31
1649,2,2,1,452.75
1840,3,1,12,439.65
2627,4,3,4,614.61
1347,5,2,24,365.62
2155,4,2,57,396.93
2295,2,2,3,564.05
1544,4,1,26,355.23
2127,3,1,54,371.08
2122,3,2,42,416.6
1706,4,1,58,305.93
1735,3,2,71,316.73
2873,3,1,25,538.59
2921,2,1,11,580.3
2249,2,1,6,510.04
1251,3,1,8,391.93
1031,2,1,14,313.11
974,2,1,3,325.18
1764,3,1,2,483.39
1902,3,2,43,376.67
1346,4,2,100,276.29
1844,5,1,27,443.83
1702,3,1,63,333.91
1993,3,1,19,430.87
2489,3,1,7,558.2
2110,2,2,6,489.38
2492,2,2,0,601.48
2135,2,2,25,443.21
2843,4,2,90,431.83
1798,4,1,68,295.64
2891,3,1,7,608.68
2283,3,1,26,468.98
2560,5,2,32,464.83
2005,5,1,4,514.62
1225,5,1,3,396.44
1724,2,2,11,422.66
2775,3,1,16,538.87
2010,2,1,10,418.25
1699,5,1,25,394.3
1678,2,3,13,429.42
2502,5,1,5,596.79
2108,3,1,21,427.19
1779,2,1,17,379.29
1641,4,2,72,322.05
1735,2,1,3,445.59
2595,4,2,10,553.37
2147,4,1,1,539.65
2593,3,2,0,639.96
3018,3,2,10,577.4
1804,2,1,10,439.16
2859,3,2,28,478.74
2067,4,2,6,534.19
1688,2,2,33,337.79
2392,1,1,29,444.35
2995,5,2,11,613.78
1911,5,1,5,525.34
2011,2,3,0,526.05
1912,5,1,4,542.17
2281,3,2,41,415.13
2422,4,1,30,448.14
1487,3,2,3,448.38
3174,3,1,84,426.29
2395,3,1,97,343.49
1360,2,2,27,334.7
2277,2,2,44,397.59
2473,2,1,16,434.13
2213,2,2,30,374.27
1119,3,1,45,259.57
1815,5,3,14,507.69
1347,2,2,25,307.69
1735,1,1,4,401.42
2208,2,1,16,446.33
2525,2,1,31,486.05
2427,3,3,15,529.73
1501,2,2,9,367.79
1522,2,2,44,319.41
2049,3,1,65,337.27
2163,5,1,9,536.65
1765,1,1,100,253.49
2820,3,1,31,476.65
1096,5,2,54,298.81
2513,4,1,20,497.52
2731,4,3,3,673.93
4130,3,1,6,788.99
1731,2,1,33,333.33
2253,5,1,0,586.74
1832,1,1,23,362.96
2750,4,2,2,673.84
1725,1,2,25,364.16
2314,4,1,73,373.29
2198,3,2,54,399.41
2222,4,2,18,525.13
2368,3,2,6,556.12
1445,2,2,24,356.28
1634,2,1,10,409.63
2340,3,2,32,447.63
1869,3,1,5,498.75
1740,3,2,21,394.73
1273,3,2,0,435.25
2104,2,1,59,351.17
3571,4,2,21,636.91
2213,1,2,34,414.76
1309,2,3,12,378.71
2644,2,2,21,462.1
1696,2,1,11,416.64
1767,5,3,21,413.37
3005,1,2,60,428.37
1853,2,2,31,370.84
3156,2,2,25,522.74
1052,1,1,19,281.01
843,4,2,10,359.37
929,3,2,8,348.84
1186,2,1,7,372.68
2422,2,1,6,507.45
1229,2,3,13,366.71
2840,2,1,19,533.27
2034,2,2,28,405.17
2028,4,1,5,508.93
2369,2,2,4,543.63
2994,3,2,38,500.41
2754,4,1,6,579.27
1153,1,3,4,389.3
3075,2,1,22,549.11
2325,2,1,12,453.51
614,4,2,7,291.97
1230,3,2,40,279.4
2288,5,1,31,459.02
1126,5,1,6,376.35
1802,3,1,44,331.79
1518,4,1,13,440.09
1737,2,3,7,440.09
2413,3,2,94,369.5
2321,3,1,89,342.99
1811,5,3,4,553.61
1712,1,2,88,270.33
1101,3,1,6,338.31
1764,4,1,33,365.34
2145,3,2,16,462.55
1370,1,2,8,371.25
1977,2,2,9,435.12
1752,2,1,20,357.33
2562,4,1,0,662.84
1124,3,3,79,291.69
2438,3,3,3,592.06
2897,4,1,10,585.64
2244,2,1,65,370.01
1457,3,1,19,370.02
1311,2,2,0,404.46
2451,3,2,1,639.62
1857,4,3,7,511.1
2052,2,1,13,430.74
1662,2,1,100,294.01
2125,3,2,24,439.75
1424,3,1,89,252.31
2190,5,2,0,589.01
2404,2,2,25,455.52
1429,4,2,32,315.73
2093,3,1,15,418.33
2608,1,1,78,396.68
3214,2,2,9,633.49
1523,1,3,3,407.26
1472,3,1,19,364.52
1671,3,1,1,442.36
2684,1,2,100,359.26
2312,5,2,44,445.06
2598,1,1,2,564.39
1519,3,1,22,359.31
1064,4,1,37,290.28
1709,2,2,6,430.17
2332,3,2,12,493.29
2245,3,2,77,332.75
2003,2,1,8,470.86
1642,2,1,7,402.63
3088,5,2,25,582.4
2726,2,1,13,523.25
2129,1,2,8,449.32
1601,3,1,50,371.78
1413,2,1,19,368.07
1494,1,2,2,385.64
2892,2,2,47,432.8
1526,3,3,12,404.28
1310,2,1,16,344.13
1778,3,1,1,494.31
1330,3,1,7,388.73
2223,1,2,0,526.75
2601,1,1,14,493.4
1540,3,1,29,329.66
2903,4,1,0,663.94
2594,2,1,79,371.02
1630,3,2,20,392.33
1647,2,2,35,336.45
2726,3,1,7,578.36
1749,1,2,1,435.91
1867,3,2,33,385.6
1105,3,1,14,334.22
2157,3,1,14,478.7
1348,3,1,6,430.54
1530,5,1,8,424.04
839,4,1,64,250.62
2199,4,3,31,431.74
1447,3,3,13,404.75
1614,2,2,5,434.15
1828,5,1,2,502.76
1662,5,1,39,369.85
1490,5,2,10,434.84
1652,3,1,7,414.84
3050,3,1,37,529.99
2184,3,2,2,557.67
2288,2,1,27,397.33
2391,5,1,1,605.32
1600,3,1,100,296.98
3164,4,1,4,679.6
1705,2,2,11,407.51
1991,3,1,59,356.83
1912,4,2,10,487.71
1781,3,1,31,338.47
1835,5,1,39,398.4
3043,3,1,7,623.19
2472,3,2,3,574.67
2208,2,1,21,436.21
2304,3,1,21,437.95
1582,2,1,5,400.68
918,3,1,26,308.64
1628,3,2,47,283.39
1100,1,2,4,347.83
1352,3,1,56,277.95
2567,4,2,3,684.22
1328,3,1,46,296.46
1617,4,3,54,363.43
2276,3,3,20,469.06
3305,4,3,53,536.66
1101,4,1,19,320.3
1113,3,1,61,247.63
3347,4,2,63,497.2
1670,3,1,20,371.5
1815,2,2,25,352.36
3458,3,2,3,733.51
1795,2,2,27,354.57
1619,4,2,39,335.8
1715,2,2,10,401.57
2150,2,2,54,393.45
2107,3,1,40,352.12
691,2,1,9,220.53
1716,2,1,19,368.49
1634,3,2,12,369.48
1589,5,2,9,452.06
1951,2,1,29,354.14
2442,2,1,28,424.39
3368,4,1,75,448.54
1039,2,1,50,250.71
720,2,1,23,228.58
3091,4,2,6,672.93
725,3,1,34,202.17
1966,4,3,0,590.12
2390,1,1,30,412.58
2241,4,2,5,573.33
2573,2,1,39,396.76
2452,3,3,0,613.58
2120,4,1,51,370.98
1765,1,2,48,321.2
3148,1,1,25,529.15
1564,2,1,50,299.46
2066,2,2,26,383.51
3022,4,3,5,698.24
1040,2,2,8,334.7
2219,2,2,17,505.25
1500,2,1,5,376.64
2484,3,1,7,545.71
2949,3,3,12,615.03
2103,4,1,78,360.19
2863,3,1,37,494.82
1412,2,2,21,355.53
1907,1,2,0,495.77
2135,3,3,1,561.31
2014,1,2,19,409.87
2931,2,2,9,607.22
1284,3,1,49,276.34
2079,2,2,19,427.9
2547,2,1,9,532.18
1408,5,1,13,443.72
2359,2,3,12,485.38
3453,2,2,19,579.78
2124,3,1,4,531.11
2293,2,3,3,557.21
1980,4,1,34,416.86
1971,4,2,34,425.09
2914,3,2,23,528.15
2330,5,3,58,414.38
2283,5,2,6,584.44
2193,2,2,58,333.41
2814,3,1,8,563.05
1577,4,3,13,416.39
1973,2,1,100,292.73
2414,5,1,6,615.34
2600,2,2,3,609.29
1216,2,2,17,338.34
1618,2,2,3,465.95
1145,2,2,50,284.86
2597,3,1,7,554.93
1581,4,1,20,394.93
1934,3,1,25,394.47
2588,3,3,11,558.91
801,2,2,15,315.61
1349,2,1,20,327.59
2474,2,2,51,405.44
970,5,2,31,316.25
2231,2,2,54,337.88
2519,4,1,28,470.99
2400,1,2,35,423.68
2468,5,1,10,592.47
2843,3,2,9,585.6
2081,4,1,13,467.06
1266,3,1,16,357.59
2805,3,3,37,443.95
2286,5,1,2,602.48
2691,4,2,9,591.74
2258,2,1,34,440.86
3668,2,3,7,703.73
1513,5,1,1,481.42
2756,5,2,0,694.52
3180,1,1,3,660.72
2625,3,2,91,386.12
1929,5,1,6,543.34
1918,3,2,4,508.31
2309,3,2,3,595.04
2177,2,1,9,466.98
2542,5,2,33,506.48
3144,2,2,15,594.82
788,1,2,30,247.84
1330,2,1,52,291.22
1639,2,2,0,448.99
1762,5,2,24,425.66
1851,4,1,30,390.37
2366,4,2,8,542.47
1903,3,2,9,439.08
1705,3,1,59,323.09
1371,2,3,23,332.57
2123,3,1,12,504.15
1697,4,2,1,502.94
2121,2,1,4,506.3
858,3,1,100,207.95
1365,2,1,42,285.87
2204,3,1,39,398.82
1583,3,2,30,341.82
1704,4,2,34,390.25
2485,3,2,19,478.74
1974,4,1,3,495.75
2476,1,2,7,528.25
1276,4,1,28,330.02
1176,2,1,34,241.74
1981,2,1,12,414.91
2144,3,3,2,595.06
2334,4,1,37,396.21
1414,4,1,16,390.16
1671,3,2,38,339.58
2048,4,1,9,502.78
2777,2,2,12,556.88
1055,2,3,43,263.96
2530,2,1,48,392.2
1257,2,2,9,381.93
1767,5,3,1,565.3
2440,1,2,19,473.48
1938,2,1,0,516.39
1807,3,2,100,319.38
2284,5,1,16,503.3
1577,2,2,75,287.33
1535,2,1,32,312.07
1656,2,1,26,351.84
2561,4,1,5,573.67
1550,3,2,100,300.71
2430,2,2,2,557.77
1376,1,1,61,230.54
3229,5,1,20,627.22
2541,1,1,9,454.46
1436,2,1,54,313.93
1294,4,3,19,360.61
2494,1,3,9,520.8
2668,3,1,78,397.81
2089,5,1,11,522.52
2685,3,2,61,438.43
1388,3,1,10,407.17
2245,3,2,2,540.9
1315,4,2,24,326.03
2778,5,1,8,639.49
1595,3,2,28,380.13
2299,4,3,53,422.78
1794,4,2,27,392.71
2332,1,1,14,437.88
2082,3,2,11,502.1
1519,3,2,42,341.62
2604,3,2,7,637.19
1739,5,2,19,421.32
2157,1,1,24,434.06
1794,5,1,13,486.57
1272,2,1,28,288.55
1981,4,1,40,389.81
2472,2,1,0,572.31
2366,2,2,12,497.54
2148,3,2,9,520.35
2425,3,2,0,603.03
1221,3,1,2,413.64
2550,1,2,49,376.29
2464,3,1,3,560.51
1269,3,1,40,301.64
2128,3,1,2,503.62
1720,2,1,9,471.83
653,3,1,86,185.74
2140,4,1,42,384.56
1631,3,3,11,412.8
2249,4,2,17,506.71
1944,2,1,92,319.18
1502,3,1,7,394.16
1856,3,2,73,315.76
1316,5,2,45,314.45
2210,5,2,0,623.4
1907,1,1,9,393.52
1534,4,1,54,337.8
1463,3,2,20,320.14
2152,4,2,20,465.37
2059,3,2,8,507.98
986,2,1,28,261.27
2330,2,1,1,535.16
1572,1,2,20,324.38
2539,2,1,5,580.62
2664,3,1,7,565.49
2391,4,2,17,502.59
2088,1,1,16,423.89
1702,1,2,7,427.22
1974,2,1,21,451.25
2624,3,1,49,420.04
1115,5,1,10,410.17
2752,2,2,33,467.27
2897,3,2,87,417.79
2321,4,1,11,521.25
1110,3,1,14,320.43
1876,2,2,54,314.67
1946,5,1,31,395.49
2358,3,1,47,415.67
2054,4,1,34,401.64
1977,3,1,47,355.04
2444,5,1,63,379.06
1335,3,2,4,405.58
1946,2,1,63,289.18
940,4,2,3,406.82
2516,2,2,14,482.5
1826,4,2,3,517.52
2841,2,1,2,598.62
2019,3,1,31,398.99
1583,1,2,25,371.82
1359,4,2,85,295.6
2801,3,2,100,415.63
3896,3,1,17,657.29
2082,3,1,3,520.7
2993,2,1,47,476.78
1554,3,2,9,435.21
1302,4,1,39,331.9
1796,3,1,25,351.47
1166,4,2,26,331.49
2544,4,2,47,464.03
2515,3,1,20,474.22
1818,3,3,6,508.9
2281,3,2,11,538.15
1471,1,2,9,366.75
2312,4,2,9,542.11
2375,4,2,2,585.34
2441,4,1,19,531.21
2163,2,1,4,486.91
1980,3,1,16,405.1
1161,2,2,5,374.03
1920,3,1,65,337.89
976,4,1,68,232.06
1563,4,3,50,382.26
2032,4,2,84,330.17
1864,3,1,1,530.36
3310,3,2,6,692.86
2356,1,3,1,525.6
3060,3,1,24,552.49
1923,4,2,1,523.43
2274,1,1,39,342.79
1509,4,1,18,394.8
2362,2,1,76,326.69
2717,5,1,12,567.19
1870,3,3,27,415.84
2956,4,2,22,573.64
1910,1,2,45,339.15
1980,2,2,46,367.55
1518,3,2,1,446.0
1657,1,2,6,437.26
2973,3,1,7,626.78
1779,1,1,28,332.96
2800,1,2,42,394.25
1832,3,1,8,469.02
2332,3,2,11,522.2
1918,3,2,31,376.94
2430,3,2,15,483.16
2079,1,2,29,384.39
1892,5,1,4,537.29
2326,5,1,0,612.86
1079,1,1,8,301.94
1779,2,1,63,326.6
1585,2,1,1,429.72
2498,3,1,23,451.36
1977,3,2,3,534.61
1427,3,3,18,354.97
1962,2,2,43,371.96
2178,4,1,10,532.55
2246,4,1,16,513.94
2055,1,3,76,320.6
1931,5,1,0,584.6
2499,2,1,1,579.85
2040,3,1,10,473.1
2148,1,2,34,390.29
1756,5,2,12,490.66
1340,3,2,13,348.32
1364,2,1,0,423.19
1967,3,2,25,428.77
1066,2,1,13,320.57
2857,4,1,35,464.06
2205,4,1,51,418.08
1923,4,1,74,349.07
1561,4,2,0,474.94
1710,2,1,0,445.66
663,5,3,8,347.39
2309,1,1,100,325.82
2406,3,2,3,573.55
1661,3,3,42,369.41
2275,3,1,73,346.53
1465,5,2,12,453.94
1145,3,1,87,207.33
1796,3,1,32,330.37
2051,3,1,23,404.76
2033,3,2,22,416.85
1729,3,1,8,443.52
2254,2,1,5,508.3
1854,1,1,8,442.76
2711,1,1,25,470.55
1896,4,2,10,477.16
1174,4,2,9,402.6
1491,2,2,53,331.76
1748,5,2,7,468.75
2197,5,3,0,625.67
2824,3,2,74,406.75
1930,4,2,6,522.06
3292,2,3,2,669.47
2435,5,1,2,626.7
2298,3,2,27,481.55
2967,2,2,17,536.71
2095,5,1,42,397.18
2370,2,1,5,517.26
1902,3,1,62,327.91
2032,4,2,15,456.38
1158,3,1,35,281.63
2380,2,2,27,440.54
2673,2,2,6,602.87
2281,3,1,16,470.32
2153,2,2,19,474.12
2653,2,2,0,605.65
2227,3,1,25,449.05
1966,5,2,19,461.21
2219,3,1,39,383.97
1447,1,1,14,346.48
2542,4,1,49,426.27
2360,2,1,44,375.13
1843,2,2,28,365.66
1221,3,1,3,388.85
2270,3,1,1,554.73
3126,3,3,29,537.44
1724,4,2,62,383.5
1703,4,2,2,484.41
2021,3,1,30,425.29
2838,4,3,12,595.72
2341,3,2,10,512.3
1326,4,1,100,244.73
2039,2,3,24,454.58
3904,3,3,21,681.87
2928,2,2,20,557.36
2396,4,2,26,488.59
2344,2,2,17,458.12
1925,3,2,17,442.23
1515,2,2,24,360.65
2517,4,3,56,461.66
1586,5,1,7,439.97
2214,5,1,28,442.01
2097,3,2,61,350.86
2053,3,2,58,380.8
2455,3,2,11,532.49
2073,3,3,54,399.43
1877,1,1,5,430.61
2394,3,2,84,386.25
3021,4,1,45,491.45
1776,3,1,68,331.47
2022,1,1,2,495.8
1567,3,3,84,287.86
2250,1,1,2,504.19
943,2,3,32,303.2
2596,2,2,3,593.08
2634,4,1,39,400.72
2892,3,2,6,621.95
1115,4,1,9,354.22
2496,3,1,43,429.11
2567,4,1,4,603.08
1976,2,2,1,489.9
1559,3,2,41,337.46
2705,4,2,12,562.36
2811,4,2,7,628.53
1882,3,2,31,369.21
2103,4,2,16,476.34
2025,3,1,67,349.95
2230,5,2,7,557.89
1976,2,1,0,501.46
2720,2,3,3,603.71
2117,4,1,38,405.51
2429,5,1,24,530.51
1613,5,1,21,421.97
1988,5,1,9,510.2
1951,3,3,44,364.5
1908,1,2,100,293.22
928,2,1,12,327.79
2400,1,1,20,496.3
2739,3,3,22,497.85
2661,1,1,18,440.2
1601,2,1,23,355.3
2744,5,2,8,620.8
2061,4,2,27,460.11
2828,3,1,3,638.92
726,2,2,3,317.12
1109,2,1,28,239.53
2550,4,1,18,492.99
2901,3,1,3,637.39
1807,5,2,54,345.49
1780,2,2,3,457.96
1981,5,2,0,655.78
2748,3,2,15,539.16
1330,4,2,55,294.82
1689,4,1,0,491.16
2460,4,1,9,572.16
3074,3,3,4,663.08
996,5,2,26,316.04
2568,2,3,74,414.45
1772,2,2,83,277.96
1462,3,2,0,453.46
940,2,1,26,251.38
1133,5,2,33,312.2
2109,1,3,18,434.36
2764,3,3,66,436.28
2186,3,2,10,518.62
3081,1,3,16,567.19
2711,3,1,18,499.74
2218,4,2,34,443.28
1978,5,3,22,463.94
1457,4,1,13,401.01
1257,4,2,19,338.38
2103,3,2,15,440.81
2485,4,1,35,461.74
2195,3,2,6,517.97
1046,3,2,26,297.84
1375,3,1,26,336.76
2889,3,1,76,399.58
2674,3,1,46,416.5
1625,2,2,16,397.25
2124,3,2,72,381.13
1911,5,2,4,562.1
3196,3,2,6,654.52
1114,1,3,9,361.08
2853,3,2,21,536.0
1515,5,1,36,342.1
1686,2,3,16,384.25
2538,3,1,1,576.65
1830,2,2,1,480.27
1520,2,2,17,386.72
1594,2,2,22,324.5
2862,4,2,40,519.09
1907,3,3,6,468.5
2235,3,1,58,390.09
1167,2,1,79,217.44
1005,3,2,9,334.54
2377,3,2,54,445.38
2412,2,3,90,359.51
1327,2,1,5,373.07
1108,2,1,46,256.1
1738,3,2,26,405.45
2783,5,2,13,574.3
1674,3,2,13,412.17
2255,4,1,100,339.45
661,3,1,7,276.93
1739,3,1,21,387.89
1916,4,2,24,412.46
1914,4,1,4,525.87
2608,3,2,84,406.0
1001,1,3,0,368.65
1422,2,2,100,278.07
3563,3,1,24,593.29
1175,3,3,2,431.01
1952,2,2,20,411.85
2870,2,1,15,553.97
1577,1,2,33,317.43
1652,3,1,0,474.04
970,4,2,19,333.56
2378,3,2,6,590.33
2093,2,2,19,444.4
1789,2,1,7,404.29
971,2,1,58,232.82
1680,5,1,15,429.83
620,3,3,48,255.64
1452,1,2,17,372.62
834,3,2,14,337.48
2891,3,2,2,650.72
1365,3,1,36,324.53
1724,2,1,18,412.06
1193,2,1,37,278.67
3007,3,3,8,685.97
1586,1,1,7,404.31
1751,4,2,16,414.09
1915,4,1,6,483.91
2200,3,1,26,467.52
1862,3,1,1,469.24
2126,3,1,30,420.96
642,3,1,51,233.61
2226,3,1,22,440.34
1668,4,1,1,507.27
1379,5,1,15,388.1
1892,2,1,15,387.77
1576,2,2,10,376.97
1789,2,2,47,325.12
2879,4,2,60,485.82
1992,2,2,32,378.41
1745,3,2,45,381.28
3394,4,3,3,759.72
2824,3,1,3,620.33
1244,5,2,13,400.13
2248,5,3,30,492.96
1500,1,3,9,419.61
1961,2,1,3,478.19
3539,4,3,20,677.21
2132,2,1,43,349.72
2462,2,1,94,367.4
2119,5,1,9,498.44
2046,2,1,27,364.58
921,3,2,100,232.02
1381,4,3,90,330.05
1681,3,1,1,448.0
2537,3,1,49,393.5
2568,3,3,4,585.6
1763,1,1,19,389.45
1982,4,1,13,482.15
1749,2,1,14,406.61
790,3,1,34,231.9
2878,3,2,13,573.41
1874,1,2,17,419.84
2166,3,1,100,350.97
2046,2,1,17,396.06
1808,3,2,13,493.05
3111,3,1,30,496.77
2121,3,3,2,543.57
2365,3,2,13,472.94
2342,2,2,26,413.13
2293,4,1,14,532.85
2139,1,2,25,395.96
2322,4,2,18,462.31
1566,3,2,16,382.67
2263,2,2,10,509.37
1372,4,1,47,302.71
1041,3,2,4,397.04
2265,3,2,44,405.79
2403,2,2,25,474.46
1255,3,2,7,410.17
2122,2,1,40,368.66
2476,2,1,9,524.13
1901,5,1,37,388.69
3029,4,2,10,645.09
2119,3,1,13,460.87
2238,1,2,21,436.12
2500,2,3,13,545.77
1693,3,1,14,415.88
2654,1,1,12,510.06
1743,4,2,23,416.9
1978,4,1,12,433.8
1956,5,1,5,517.16
862,3,1,2,358.77
1479,2,1,11,351.68
2265,5,3,74,439.01
1803,2,1,21,385.36
2227,3,2,9,511.26
1912,2,2,100,287.82
2746,3,2,8,618.12
1360,4,2,7,416.52
1683,3,1,37,343.49
2590,3,2,36,439.64
2355,3,1,100,370.82
1409,2,2,27,313.77
2335,3,1,16,451.22
2356,5,1,15,536.22
2232,3,2,51,368.32
2528,2,1,8,557.42
1017,2,2,13,320.79
1585,3,2,9,436.78
1992,3,2,37,424.36
2645,3,2,23,496.52
765,4,2,0,393.87
2216,3,3,1,588.28
2214,4,1,78,378.54
1271,2,1,28,302.27
913,4,1,30,294.07
1961,5,1,14,491.14
2120,2,2,40,411.43
1756,3,1,10,425.6
3294,2,1,6,609.54
2597,3,1,23,520.27
1812,2,2,65,319.19
1715,4,1,22,401.48
2248,2,1,14,434.43
1224,4,3,6,402.62
1834,2,2,9,454.53
1774,4,2,58,330.53
1715,4,1,10,447.89
1760,4,1,50,356.75
2492,2,1,1,611.83
2149,4,1,19,469.45
2194,3,2,100,364.77
1998,2,1,17,415.81
2763,2,2,11,535.47
2597,3,1,11,591.14
1871,4,1,30,411.07
3676,2,3,14,683.95
1640,4,3,0,509.76
1550,3,2,14,388.38
2375,2,1,6,506.86
2117,2,2,1,535.7
1997,4,1,26,400.04
1533,4,1,6,429.72
1233,4,3,21,394.99
1831,3,2,32,398.59
1764,1,1,29,343.73
1966,1,1,10,427.17
1424,4,2,56,336.15
3282,1,2,0,678.68
2522,3,1,5,555.2
2395,2,1,72,367.92
1278,2,2,55,269.08
1727,2,1,5,438.0
1439,3,1,71,282.25
1662,2,3,53,322.43
2759,2,1,51,396.85
3119,2,2,2,673.74
2007,3,2,7,483.76
1253,3,1,24,305.9
1432,4,2,81,300.23
1783,3,1,1,499.56
1398,4,2,7,399.38
2106,4,1,35,402.97
2696,4,3,18,562.14
1186,5,3,100,325.31
1837,4,1,5,485.66
2862,2,1,1,627.63
2212,3,2,82,363.24
2593,3,1,12,539.63
2385,1,1,30,423.94
1925,2,3,83,337.08
1947,5,2,7,532.52
1795,2,2,24,366.16
2142,4,1,28,423.51
3056,3,1,7,623.6
2081,4,2,52,355.71
1054,2,2,14,332.54
1788,4,3,33,414.22
1959,1,3,31,364.53
1482,2,2,9,388.82
2377,3,2,6,514.01
2365,2,1,16,502.83
2121,3,1,14,444.16
1738,2,1,10,406.65
1659,4,1,9,463.57
2825,3,3,12,610.56
2325,2,1,11,453.69
1794,3,2,45,355.49
2070,1,1,18,381.42
2110,4,2,73,369.59
2208,5,1,70,345.31
1088,1,1,1,325.48
1890,2,1,10,437.23
2864,2,1,20,493.67
1846,4,2,6,480.38
2344,4,2,0,621.75
1920,3,2,27,415.93
2363,1,1,15,455.39
3188,2,2,12,596.76
500,3,3,53,203.07
1734,1,1,52,295.33
2184,4,1,58,399.64
2268,2,1,9,496.52
1654,1,2,11,385.8
1873,4,1,27,382.55
1461,4,1,32,325.01
2295,3,1,53,421.49
2308,3,2,4,564.38
1558,4,3,14,442.12
1987,1,1,47,302.8
2723,2,1,1,623.45
2248,4,1,4,554.48
1938,3,1,52,369.29
2393,3,2,19,500.62
2503,3,2,14,518.15
1344,5,3,24,386.08
1382,3,1,2,399.58
1664,4,2,15,413.57
1876,2,3,94,326.62
1483,3,1,17,368.01
1873,4,1,3,507.56
1973,2,2,10,442.88
1737,4,3,14,438.37
1692,3,2,44,343.86
2088,2,3,3,505.15
2413,3,1,6,537.7
1769,2,2,8,436.2
1768,5,1,9,480.89
1908,3,1,51,331.76
2224,2,2,38,359.55
3127,3,1,11,615.25
2119,5,1,52,381.21
1568,5,2,1,508.49
1429,3,1,13,393.81
2026,3,2,6,502.8
1615,4,2,12,438.5
1899,3,1,16,425.93
1872,4,2,4,490.28
2479,2,3,21,469.82
2502,2,1,2,556.25
2119,1,1,67,319.16
1351,4,1,15,389.63
2252,1,1,17,422.61
1449,3,2,19,387.02
615,4,1,3,336.42
1640,2,3,2,474.08
1598,3,2,0,510.03
1450,4,3,6,439.03
1195,4,2,34,320.03
2627,3,2,0,633.99
2346,3,2,9,525.06
2427,4,3,72,364.33
1720,5,2,20,404.58
1244,4,3,5,451.96
2715,3,1,64,369.62
2200,4,2,27,464.54
1044,3,1,18,301.55
2718,2,1,5,571.17
1691,4,1,11,466.7
1862,4,1,6,490.0
2412,3,2,33,446.77
1860,3,1,25,427.17
3196,2,1,6,649.09
3002,5,1,11,635.5
2686,3,2,2,623.88
1676,3,1,100,285.0
1794,4,3,36,402.06
1420,4,1,74,260.2
2139,5,1,23,468.85
1762,3,1,1,493.29
1513,4,1,14,384.01
1632,4,2,6,451.54
1065,2,1,2,329.02
2201,2,1,40,373.57
1464,3,2,45,327.51
2955,5,1,17,578.47
2461,4,2,22,486.84
1596,4,1,3,471.47
2134,5,2,19,489.96
500,4,1,4,289.4
716,3,2,5,312.96
1125,4,2,42,302.97
1262,1,3,45,288.92
2841,3,2,43,463.06
1734,3,1,23,379.27
1265,3,2,1,432.48
2553,3,1,28,452.36
2963,4,2,5,697.25
2228,2,3,45,396.35
1230,3,1,28,307.29
3176,2,2,3,666.1
2897,5,3,74,419.14
2812,4,2,27,494.17
2810,3,1,50,428.44
896,3,1,9,301.8
2154,3,1,34,398.89
2034,4,2,0,564.89
1912,3,1,17,432.43
2117,4,2,24,452.84
2175,3,2,14,520.9
1734,3,2,11,453.06
3000,2,3,5,655.1
2580,5,2,0,645.35
2189,4,1,4,544.61
2148,3,2,6,539.02
2515,3,2,21,510.46
2014,2,1,46,346.09
3546,4,1,0,800.57
3290,5,1,16,638.53
2638,4,1,36,482.41
1027,1,1,50,276.72
1048,3,2,1,336.94
2866,4,2,71,423.16
2663,2,2,34,449.32
1672,5,3,51,356.1
2713,3,2,8,593.35
2004,3,1,2,498.16
2066,2,1,7,497.56
2504,3,2,63,396.7
2195,2,2,35,456.68
1984,3,2,45,375.88
2121,2,1,28,411.61
2042,3,1,1,544.87
1647,3,2,67,315.78
3110,3,2,85,427.07
2334,3,1,15,477.25
2638,4,1,8,540.8
2219,2,3,12,511.09
1957,3,1,1,516.37
3348,2,1,43,475.9
2456,3,2,50,388.95
1947,5,1,2,543.83
1511,3,1,1,461.68
1885,4,2,22,444.25
2610,4,2,1,642.5
2013,1,3,10,467.28
1222,5,1,54,283.14
1752,2,2,21,357.53
2067,5,1,89,369.61
2976,2,2,30,475.74
2069,5,2,12,504.6
2673,3,1,30,492.28
1685,3,2,20,407.32
2255,4,1,20,467.27
1318,3,1,100,244.15
1412,3,1,16,345.88
2118,2,1,19,409.5
1685,3,1,32,379.68
2238,3,2,27,383.44
1832,3,2,26,393.83
2014,4,1,28,378.44
1629,5,3,5,550.69
1773,2,2,6,462.4
2052,3,1,3,503.75
1558,3,2,46,312.32
1993,3,3,18,448.26
2367,3,1,19,449.9
2213,2,3,79,385.66
1829,3,1,65,353.76
1472,3,1,30,341.22
2195,2,2,33,413.37
1850,4,3,8,543.89
1775,3,2,36,362.14
1455,3,1,81,270.01
2210,2,2,0,543.56
1768,2,1,43,311.61
1310,3,1,26,336.37
1919,2,2,13,424.22
2101,3,2,20,427.91
2011,4,2,22,489.58
1489,4,3,15,389.78
1631,2,1,16,385.94
2295,3,1,9,509.22
1704,3,2,23,406.99
2047,2,1,51,329.2
1522,4,1,95,280.04
2408,3,1,2,564.48
1140,3,1,4,389.47
3070,1,2,26,497.95
2007,3,2,3,523.19
2459,2,2,42,432.24
1028,3,1,30,299.17
1579,1,1,34,288.35
2506,5,3,12,585.77
3238,3,1,15,619.51
1721,2,1,11,375.75
3152,1,1,32,483.55
972,5,2,16,374.28
2313,3,1,15,494.03
2472,3,1,11,537.33
1809,3,2,33,406.83
500,3,2,0,288.73
2501,3,2,12,532.74
2436,3,1,54,370.72
1871,3,2,3,490.07
3150,4,2,5,689.94
2286,1,1,0,533.93
1474,2,2,52,304.57
2173,5,3,94,374.14
2346,4,1,6,568.08
1516,3,1,34,321.99
1823,3,1,9,452.15
2880,2,3,51,438.19
810,5,2,34,289.32
1870,2,2,36,396.75
1309,5,2,3,439.37
3451,4,1,19,605.33
1209,3,1,2,397.53
2044,3,1,17,464.29
1447,4,1,15,371.95
1890,3,2,26,407.61
2394,4,2,1,627.21
1499,3,2,40,329.47
3969,4,1,5,798.92
2075,1,1,18,450.98
1199,1,3,46,277.5
2320,2,2,13,478.19
1186,3,3,54,319.03
2013,5,1,7,519.3
1598,3,1,31,341.98
2992,1,2,28,473.35
1910,1,1,33,354.26
1386,3,1,8,422.08
2505,5,2,6,623.12
1829,2,1,11,416.26
2131,5,1,74,356.74
1057,5,1,18,328.42
1657,3,2,22,380.53
1202,3,2,24,338.88
2911,5,1,38,495.81
2145,3,2,44,379.05
2679,3,2,27,481.05
2901,4,2,16,552.9
2279,4,2,7,551.93
2890,2,2,16,526.35
2214,4,3,6,569.01
1564,2,2,34,306.86
1905,3,2,0,525.97
1904,1,2,34,313.04
2271,3,1,34,415.88
1923,4,1,33,393.02
1829,2,1,8,448.06
1950,3,3,43,355.88
2427,2,2,22,420.4
2708,4,1,13,552.68
2172,4,1,98,387.94
1883,4,2,1,513.77
2155,5,2,1,583.42
1250,1,2,54,244.16
2032,3,1,8,489.71
1889,1,1,95,267.08
2420,3,3,31,444.37
1982,3,1,28,407.66
2310,3,1,6,537.52
2072,3,3,6,512.36
2533,5,1,15,562.95
1928,2,1,9,431.97
1829,4,3,15,465.61
2269,4,1,41,400.35
1210,3,3,64,286.04
1932,4,2,32,400.4
2532,3,1,18,518.33
2168,2,1,12,478.38
3385,2,2,0,746.27
880,3,2,2,344.96
1880,3,2,47,358.74
2281,4,2,19,487.11
2684,4,1,8,534.44
2104,3,1,21,407.63
1922,3,3,7,497.45
2432,5,3,35,496.33
2990,3,1,16,582.16
2173,1,2,81,305.31
2384,3,1,22,459.61
1858,4,2,10,479.35
1705,3,1,16,402.21
910,1,1,0,334.21
1925,1,1,17,399.5
1651,2,2,9,414.73
1703,4,1,62,361.63
3010,4,3,13,617.46
2130,5,1,73,334.0
2675,2,2,10,574.88
2803,2,1,57,413.42
1805,4,1,5,476.46
2350,4,2,14,498.21
1701,3,1,37,317.28
1727,4,2,39,352.09
2087,4,1,5,529.81
897,2,1,32,260.99
2280,4,2,22,459.02
1050,2,1,2,351.78
3030,2,1,47,447.69
1958,3,1,34,373.99
609,4,1,10,306.35
2310,3,1,0,570.24
2611,2,2,48,450.64
1600,5,1,100,309.53
3108,1,2,30,512.27
2025,1,2,10,449.44
1951,2,1,14,440.31
793,2,1,21,274.86
2084,2,2,13,428.28
2104,2,1,5,503.89
1809,4,2,28,440.75
1664,3,1,28,366.99
2833,2,2,8,581.46
1655,3,1,16,416.09
500,5,1,11,329.08
2477,5,1,7,610.53
1781,3,1,0,480.38
1445,3,1,3,412.05
2976,5,2,36,532.58
1940,2,3,14,442.09
1713,5,3,14,449.44
1615,3,2,74,298.35
2556,3,2,2,595.14
1763,3,2,17,436.74
1476,3,1,10,412.53
2045,2,1,100,317.65
2464,3,1,24,484.53
1179,3,1,7,365.13
1466,1,2,3,403.42
3461,4,1,59,471.84
1066,2,1,3,364.01
1840,3,2,27,395.95
1702,4,1,24,366.31
2060,3,2,37,368.19
2069,2,1,54,338.89
2829,2,2,65,442.77
1456,4,2,12,445.39
2267,2,2,1,581.48
2260,3,1,2,582.39
2333,3,1,1,553.65
2907,3,2,17,523.06
2515,3,2,14,508.85
1919,4,1,21,420.95
1748,5,2,3,515.08
1605,2,1,8,411.72
2107,2,1,27,364.25
1843,5,2,55,362.03
1414,2,2,3,429.83
2610,1,2,5,542.06
2498,1,3,12,494.67
2135,4,2,8,520.71
2115,3,2,2,539.54
1481,4,1,5,426.32
2862,3,1,79,407.51
1781,1,2,11,404.95
2836,2,1,25,476.17
2893,4,3,4,699.59
2980,2,2,6,598.15
1940,3,3,13,457.67
2285,4,1,3,580.09
2696,5,1,31,486.06
2371,4,3,53,437.85
1332,5,1,94,337.45
2355,2,3,21,463.87
2928,3,1,29,475.88
2531,3,2,7,509.54
2551,2,1,9,489.0
2415,2,2,100,353.5
2487,1,2,32,427.15
1212,1,2,100,256.8
1677,4,2,19,416.24
2856,2,1,6,586.19
2271,3,1,17,483.07
1365,3,2,24,376.23
2103,1,2,5,474.04
967,2,1,13,290.16
1835,1,2,5,422.82
2441,3,1,40,409.05
1435,4,1,11,338.42
1991,4,1,21,427.02
2291,3,1,12,487.06
2088,3,1,13,484.82
2230,4,1,42,406.17
2735,2,1,41,434.26
2552,2,2,17,533.43
2633,5,2,21,542.27
1943,3,1,9,460.71
1603,2,2,22,378.59
1689,3,2,47,343.05
1580,1,1,6,353.19
2681,2,2,99,392.51
1494,4,1,1,477.19
1987,3,2,36,403.1
1198,5,1,11,430.08
1567,3,1,9,372.59
2299,3,1,9,532.65
2300,4,1,78,363.96
1383,2,1,17,348.63
667,2,1,100,212.69
1746,4,2,6,506.46
1667,5,1,28,341.36
1511,4,2,9,458.89
2692,2,2,46,398.18
2361,2,2,4,594.55
1638,3,2,29,383.17
2035,3,1,35,393.8
2031,3,2,3,519.26
2411,2,1,32,405.33
1674,2,3,15,421.95
1900,3,2,5,477.48
2107,4,2,3,547.5
1642,1,2,45,300.32
1619,4,1,52,323.68
2256,3,2,3,589.0
1109,4,2,10,363.45
2301,1,1,24,422.95
1309,2,2,68,266.03
2290,2,1,100,319.27
2755,2,1,27,473.7
2039,5,2,7,528.48
1791,2,3,80,293.08
1384,2,1,56,305.39
2126,4,1,0,542.36
1883,4,2,1,506.07
1328,3,2,65,279.23
1944,4,2,13,489.17
2365,4,2,1,574.15
2692,3,2,11,567.38
2451,4,2,3,602.62
1828,5,3,0,573.28
2787,3,1,5,578.77
2312,2,2,10,514.4
500,3,1,25,262.42
2013,4,1,32,400.02
2017,3,1,3,519.34
2348,4,1,7,560.34
1090,1,2,34,233.31
2616,5,2,8,599.92
766,3,2,27,302.23
2502,3,2,32,459.71
1442,3,2,12,400.78
2546,4,1,11,560.81
2339,3,2,11,517.04
1530,3,2,4,485.34
2215,4,2,31,436.44
2465,1,1,2,531.67
2143,4,1,26,451.27
2211,4,1,25,447.9
1708,2,3,7,491.57
2745,4,3,73,459.48
2747,3,1,36,484.02
1590,3,3,20,391.09
1282,4,1,19,352.53
1944,2,2,1,515.3
910,4,1,58,225.94
1309,2,3,98,279.01
1962,1,1,21,381.61
1971,1,1,63,284.52
2758,3,1,6,608.85
2073,2,1,4,519.5
1720,2,2,54,340.04
1236,5,2,0,482.58
1258,2,2,22,324.21
1435,3,1,46,303.34
1152,3,1,0,369.87
2235,3,2,20,438.11
2237,3,2,9,491.88
1328,4,1,33,288.83
2702,3,2,29,478.32
2944,3,1,2,677.73
2339,4,1,1,619.61
1602,3,1,26,374.72
1685,2,1,14,409.97
1335,1,1,0,381.72
1548,4,3,6,494.98
3124,2,2,17,546.32
1108,3,2,18,325.51
1477,2,2,19,330.77
1817,1,1,63,321.6
1825,1,1,10,415.4
2254,3,1,21,447.43
2957,2,2,33,500.85
1732,3,1,34,355.07
2703,1,2,100,378.92
2024,1,1,67,299.89
1549,5,1,64,328.17
2040,5,2,6,536.92
2382,3,2,62,383.28
1835,4,2,41,354.53
2244,4,1,5,558.51
2716,1,1,13,502.37
1866,3,1,70,321.78
2384,1,1,11,501.37
1340,3,1,6,411.42
2222,3,2,39,432.11
1532,3,1,74,259.72
2741,2,1,61,408.24
1825,2,2,16,411.58
2250,2,2,5,545.28
1367,3,1,26,306.87
1217,3,2,6,381.51
2030,1,3,8,466.9
1733,3,2,0,497.45
1397,3,2,17,374.23
2223,3,2,33,412.61
1388,4,1,87,271.59
2443,5,1,89,389.72
2817,3,1,0,655.63
2084,3,1,6,510.44
2310,3,1,9,510.26
2088,5,1,8,516.91
1899,2,1,60,302.98
2365,3,1,28,416.9
1298,2,1,44,232.14
2396,2,2,26,451.41
2128,3,1,18,418.56
2540,3,3,28,420.02
1735,3,2,17,399.26
1910,3,1,14,448.97
3051,3,2,4,660.35
3107,4,2,100,455.29
1934,4,1,8,465.27
3103,2,2,31,536.83
865,3,1,10,329.07
2164,3,1,19,443.96
2325,5,1,13,545.79
1658,3,2,2,465.46
2126,3,2,20,428.79
1409,2,2,15,394.47
971,3,1,36,277.72
1694,4,2,6,441.67
2278,4,1,8,548.61
2119,3,1,5,534.66
1673,4,3,62,347.1
1446,3,3,30,385.78
2040,2,2,0,550.19
2220,4,1,10,527.53
2121,3,1,4,485.64
1415,3,1,2,437.17
1656,4,1,12,421.68
1645,4,1,1,500.15
2169,3,1,47,359.14
1968,1,2,0,526.3
2365,3,2,25,448.79
2111,3,2,12,494.47
3125,2,2,19,539.77
1740,3,1,17,408.68
1669,3,1,33,316.57
694,4,2,100,218.83
1740,2,3,9,473.77
2087,1,2,13,463.52
811,3,1,8,304.0
1519,1,2,5,394.29
1293,3,2,9,420.98
2930,5,2,100,450.2
1617,4,2,9,441.89
3368,4,2,18,630.35
1496,5,3,38,392.33
2037,4,2,52,382.35
2784,3,1,12,563.01
3167,2,3,2,697.69
2766,3,3,3,598.64
1323,5,1,20,386.6
1710,3,2,23,365.74
2417,3,2,45,405.03
1612,5,1,0,504.75
1719,4,1,25,385.84
1302,1,1,86,196.21
1394,2,3,51,264.33
2973,5,2,19,599.91
1378,2,2,0,398.75
1110,3,1,15,346.7
1711,3,1,44,359.44
2244,2,2,80,366.53
2753,4,1,17,559.33
2850,5,2,6,640.14
1763,4,1,50,345.5
1670,4,2,44,365.46
1785,1,2,9,442.7
1712,4,2,98,315.27
1596,3,1,16,385.91
1972,4,3,5,550.94
2206,3,2,0,543.24
2275,4,2,39,418.55
2003,4,1,13,493.88
1313,3,3,8,434.11
2168,3,2,39,343.55
1427,3,1,3,424.77
2209,3,1,29,396.33
833,3,1,64,238.13
2643,3,1,46,418.98
2624,5,3,27,516.45
2366,4,1,12,522.46
1696,3,2,10,441.26
2125,3,1,8,503.86
2075,3,1,6,508.38
2747,2,2,13,534.37
2012,1,1,84,296.58
2331,2,1,8,506.67
1951,5,2,21,501.28
1343,2,2,66,255.77
972,2,2,14,328.43
2535,2,1,43,399.28
2318,3,2,26,473.42
2342,2,1,0,552.15
2763,2,1,1,630.95
1969,1,1,8,497.87
2166,2,2,18,464.39
1311,3,2,12,394.12
1234,2,1,2,376.05
1519,4,1,1,460.39
1661,3,1,7,420.17
2620,2,2,8,566.66
886,1,1,13,299.68
2260,3,2,28,401.87
1639,2,2,0,479.82
1694,5,1,16,425.72
2033,3,1,3,541.97
2532,3,2,39,425.38
2362,3,2,35,434.63
1309,3,2,68,268.72
2602,3,2,55,409.43
2531,2,2,15,506.64
2479,4,1,2,611.97
2218,2,1,5,532.21
1759,4,2,39,351.14
1899,3,2,20,422.18
1600,1,3,34,334.08
2854,2,1,26,496.71
1377,2,3,4,421.04
1464,2,2,31,317.48
1752,2,2,86,275.5
1139,2,2,45,260.6
2568,2,2,45,445.77
1070,4,1,6,400.78
1101,3,2,57,256.26
1371,2,1,30,308.71
2869,4,3,54,467.37
1711,3,2,77,285.16
1267,4,2,11,377.93
1932,2,2,49,358.8
3141,2,1,2,660.7
1358,3,1,69,234.54
2281,2,1,74,335.77
500,3,1,16,237.07
1938,3,1,13,475.15
2353,3,2,38,447.77
2190,2,3,22,459.87
2895,4,1,3,650.61
1952,3,2,2,537.37
1981,2,2,3,515.06
2361,2,1,3,529.89
1385,3,1,6,417.27
2319,3,3,0,595.48
1862,1,1,5,454.76
2287,4,2,1,600.47
1812,4,1,33,432.61
2527,3,1,46,402.26
1440,5,1,11,448.25
1326,4,2,7,412.14
2404,4,1,16,497.7
1981,4,2,36,400.13
1937,4,1,100,337.95
1310,2,2,15,344.48
1966,1,1,27,374.21
1867,1,1,67,293.93
1174,4,1,1,448.07
2426,1,2,3,550.87
2296,1,1,40,393.73
1014,2,1,33,229.74
3002,3,2,1,678.31
1936,2,1,3,515.15
1464,3,2,5,402.07
1902,3,1,28,385.44
1825,1,1,15,385.88
1884,3,2,11,456.26
1175,3,1,7,359.31
2229,3,3,7,539.08
1505,4,1,97,308.68
1253,3,2,38,345.81
2241,2,1,100,316.44
1654,2,1,30,325.22
1634,3,2,13,416.52
2143,2,2,3,495.82
2718,2,1,39,475.55
2076,4,1,20,440.6
1411,3,1,16,334.06
2484,3,1,33,402.05
1714,5,2,36,372.3
1511,3,1,19,365.66
2142,5,1,11,523.94
2616,4,1,3,604.46
1289,4,1,9,408.96
1862,4,2,75,360.37
1984,2,2,9,465.52
1675,2,1,68,295.4
2571,3,1,1,642.63
2535,2,2,16,456.7
901,3,1,8,335.25
2204,3,1,1,535.31
2191,3,2,50,394.13
2383,3,2,78,382.51
1502,4,1,19,381.64
1173,5,2,6,426.04
1329,4,2,1,455.19
1740,1,2,13,376.05
2537,1,1,31,391.27
1917,2,1,10,454.35
997,1,3,5,348.1
1778,2,2,68,304.88
1130,4,1,17,343.53
1970,3,1,25,400.13
2146,2,1,5,474.97
1942,1,1,12,417.19
1852,4,1,40,358.89
1938,4,1,3,493.79
2028,2,2,16,444.94
2338,1,2,40,414.89
2889,3,1,36,448.73
2461,4,2,10,524.92
2772,3,3,56,425.08
2450,2,1,71,367.29
2638,3,1,13,503.07
500,3,1,100,218.28
1328,4,2,62,293.02
2116,4,3,18,492.09
1797,3,1,0,499.32
2680,3,3,36,463.25
2883,2,2,38,480.82
1560,4,3,14,430.51
2923,4,1,13,547.93
1799,3,2,68,320.32
1193,4,1,13,380.25
2152,2,2,14,447.67
2627,4,1,16,557.95
2669,3,2,5,625.76
1524,5,1,33,369.44
3431,1,2,96,410.34
3127,5,2,5,703.36
2843,1,1,33,451.13
1497,4,2,31,385.72
1907,1,1,16,377.35
2746,2,2,16,535.5
1822,3,2,5,489.04
1517,3,2,1,451.39
2318,2,1,28,414.34
2392,1,2,25,406.72
1225,2,3,35,312.05
1495,4,1,3,458.23
1960,4,2,52,406.08
2700,3,2,22,536.2
2536,3,1,4,569.34
2719,3,2,13,547.41
2030,3,1,1,543.05
1857,3,3,30,383.32
655,3,1,0,301.85
1275,4,2,27,373.76
1554,4,3,7,477.07
1874,3,2,17,448.71
1138,5,2,25,349.73
2076,2,2,6,470.62
1256,3,2,33,329.93
1055,4,2,46,342.84
2966,3,1,71,383.31
1506,5,1,10,408.89
1335,2,2,20,356.21
1131,3,1,57,254.69
2647,3,1,14,533.68
2928,3,2,17,562.44
2044,4,1,10,459.68
1928,4,1,25,447.28
2061,5,1,16,455.34
653,3,1,2,341.05
2232,2,1,40,378.98
2784,4,1,11,594.41
3116,4,1,24,555.9
2391,3,2,48,381.14
3978,2,2,46,573.73
1399,4,2,2,452.43
1959,3,1,2,507.01
1783,2,3,12,501.12
1419,3,2,28,350.01
2070,4,3,66,367.56
2310,1,2,38,369.43
1086,4,2,31,308.43
2337,4,2,14,534.26
1893,3,2,32,413.82
2508,5,2,13,555.04
2382,2,1,40,392.22
2063,3,1,13,455.8
2336,4,3,17,529.55
2515,3,2,3,609.03
2291,2,1,2,545.25
1616,2,1,13,374.05
1784,2,2,0,506.83
2378,2,1,7,495.35
1692,4,1,7,484.74
1539,3,1,58,331.49
1162,4,1,39,315.79
1732,5,2,16,460.89
1632,3,1,5,411.44
1975,3,1,25,415.88
1887,5,2,10,489.43
2267,5,1,7,549.92
1542,3,3,20,430.34
1556,5,1,57,335.01
2203,2,3,34,394.86
1750,5,3,12,468.08
1243,1,1,12,312.63
1589,2,1,21,324.52
1802,3,1,57,344.16
1233,2,1,0,407.06
3395,5,1,13,627.98
2454,5,1,55,445.57
2754,1,2,13,561.15
540,3,1,93,172.98
3061,4,1,4,692.65
1779,2,2,9,442.22
1608,3,1,9,419.12
1963,3,1,16,432.7
1419,5,1,35,364.37
1798,3,3,7,479.84
2220,3,1,22,451.98
908,5,3,100,248.23
1973,2,2,6,440.99
2387,3,1,34,403.36
1415,4,1,2,429.92
1831,3,1,70,326.39
1139,2,1,11,323.33
2679,5,3,15,595.5
2819,2,3,100,409.07
2450,3,3,15,514.0
2872,1,1,10,546.63
1688,3,1,26,396.56
3117,2,1,3,642.46
892,4,2,37,264.61
948,3,2,9,350.62
1624,4,1,50,328.38
2113,5,3,12,577.73
1621,4,1,2,451.09
2337,3,1,12,510.03
2784,3,1,9,571.42
1092,2,1,5,340.62
2330,4,1,18,472.12
1902,3,2,0,508.66
2143,2,3,34,390.29
1627,2,1,45,324.84
2388,3,2,10,537.32
1948,5,2,1,577.29
1060,4,1,47,307.98
2353,5,2,84,388.59
2845,1,2,4,602.71
2087,1,1,66,307.94
1321,2,1,0,400.24
2464,5,3,23,497.39
2039,4,1,21,443.67
1787,2,1,0,490.37
2622,2,1,21,467.58
1528,1,1,20,325.78
1096,2,1,30,279.21
1524,4,2,86,329.58
2342,4,3,47,429.1
2494,2,3,70,412.45
2613,1,3,10,523.79
2156,3,2,24,452.18
1929,5,1,30,416.11
775,3,1,8,286.43
2263,3,2,2,576.63
1255,4,3,10,395.47
653,4,2,10,328.76
2205,2,2,2,543.44
2038,1,3,16,440.0
2350,3,1,0,595.25
3226,5,2,2,762.28
1941,4,2,0,538.55
1613,3,1,19,405.38
2088,4,1,41,364.35
2867,5,1,26,539.45
1359,3,2,100,296.52
2281,2,3,13,495.42
2398,2,1,39,400.23
2696,3,1,27,484.86
2299,2,2,5,535.56
2641,5,2,66,445.59
1832,4,1,10,441.96
2184,4,2,50,432.16
2565,4,1,15,542.66
1401,3,1,39,295.93
1990,2,2,1,481.53
1917,3,1,4,444.13
1991,4,2,17,470.89
1930,2,2,62,348.53
1718,2,1,2,473.71
2728,5,1,1,632.37
2587,2,2,13,510.31
1090,3,2,26,289.11
1970,5,1,67,341.92
1726,5,1,13,455.57
2812,4,2,71,414.82
1488,2,1,25,361.98
1275,5,2,40,326.76
3080,1,2,24,537.65
1886,3,1,54,386.62
1837,1,1,16,399.61
2375,2,1,34,418.03
2363,3,2,7,500.06
1864,3,2,5,505.92
2813,3,1,7,601.42
3045,4,3,7,686.38
2263,2,1,7,472.04
1815,2,3,9,467.98
2467,3,1,6,552.09
2274,5,1,9,531.75
610,2,2,17,285.46
2394,3,1,28,444.8
2043,2,1,36,368.53
2603,3,2,38,436.18
681,3,3,2,359.72
774,5,2,59,238.96
2661,4,2,49,435.76
1133,5,2,17,384.99
2835,2,1,13,543.84
1329,3,1,23,309.3
2232,2,2,10,499.13
1359,2,2,7,396.68
2319,2,2,7,523.71
1565,3,2,10,408.58
2224,2,1,49,355.99
3307,2,2,38,512.09
2055,1,2,5,475.46
1972,4,2,79,337.74
1691,4,2,63,315.8
791,3,1,5,316.08
1902,1,1,28,335.95
1695,2,1,13,382.15
1319,2,1,5,383.78
2080,3,2,8,526.32
1908,5,1,31,400.18
2453,3,1,99,383.95
2007,2,2,91,292.72
2093,4,1,25,430.83
2344,4,1,38,433.36
2099,2,3,21,441.74
2078,4,2,0,570.91
1631,2,1,31,337.2
2196,5,1,11,545.08
2249,5,2,0,594.96
2499,4,2,14,564.27
2002,3,1,30,393.81
1703,4,2,4,484.12
2945,1,1,53,443.73
1508,3,1,2,427.7
1447,4,2,44,366.47
2822,2,3,9,605.67
2209,2,1,5,495.18
2289,2,1,1,560.86
1977,5,3,0,607.32
1118,2,1,58,257.89
3438,5,1,2,787.63
2153,2,2,7,495.07
2671,3,3,59,443.15
1633,3,2,13,446.26
2766,3,2,19,501.43
1202,3,3,22,402.32
1360,3,2,4,420.77
1804,2,2,10,432.79
2049,3,1,79,303.82
1575,4,2,11,461.49
2157,4,1,12,512.17
1920,1,3,47,337.71
2158,1,2,12,446.87
1833,3,1,21,394.2
1474,4,1,29,375.73
1835,2,2,44,331.86
2091,5,2,39,459.82
2205,4,3,53,436.53
3201,4,1,22,611.18
1765,3,1,34,318.61
2306,4,2,27,483.72
2734,3,1,35,432.4
2157,1,2,11,492.19
3001,3,1,6,632.72
1055,2,1,6,355.25
1341,3,2,20,362.09
1857,2,1,1,469.83
2512,4,1,83,368.36
1819,4,1,16,415.4
1148,5,2,5,438.88
2322,3,2,12,502.53
1905,2,1,2,489.56
2217,3,1,26,460.88
1859,2,3,3,485.9
788,2,2,8,319.38
1986,3,2,1,470.65
2644,5,3,0,699.44
2230,3,1,1,543.37
1173,3,2,13,337.3
2839,3,2,9,608.74
2528,5,2,100,413.96
1466,3,2,9,411.72
1240,1,3,25,327.87
2429,3,3,15,515.66
1800,2,2,22,382.15
1763,3,1,0,494.34
1750,2,1,11,441.72
3409,2,2,5,696.47
2381,3,1,0,571.89
1637,2,1,14,384.02
2313,3,2,13,534.31
1528,2,1,34,279.73
1553,2,1,14,362.64
2006,3,1,100,321.16
3071,3,2,54,483.38
2079,5,1,41,389.04
1665,3,2,12,398.52
1332,2,3,4,395.64
1442,3,2,6,453.48
1663,1,2,3,413.12
3138,5,1,42,567.59
1101,4,3,16,371.07
2244,2,1,25,407.43
948,3,2,39,288.84
3697,2,1,36,529.1
2546,5,3,4,660.33
1767,5,2,6,527.47
1253,4,2,1,474.95
1406,3,2,17,364.66
2443,2,1,25,454.12
2866,3,1,3,658.69
2753,3,2,2,649.09
2418,2,1,2,533.55
1908,4,1,100,320.66
2356,1,2,31,429.88
3455,2,2,0,714.49
1725,2,3,13,417.53
1829,3,1,9,474.12
1965,3,2,10,500.76
836,2,1,9,314.84
2034,5,1,50,381.7
2026,2,1,10,410.7
2145,1,1,9,488.17
1379,3,3,27,344.98
1555,3,1,1,469.32
1620,3,2,57,299.68
1084,3,2,24,345.92
947,4,2,33,276.26
2243,3,1,100,350.4
1846,2,1,100,279.24
2770,2,1,15,536.25
2660,3,2,14,496.77
2432,1,2,12,454.58
1238,3,1,12,359.12
1225,4,1,94,258.22
2254,2,2,7,537.96
985,2,2,6,318.24
1506,3,3,5,451.45
2046,1,1,20,419.41
1170,4,1,0,423.51
1013,3,1,10,349.05
1666,2,1,13,401.6
2289,4,1,18,473.45
3485,4,1,2,733.51
2883,3,1,12,561.85
2084,2,1,53,356.02
1638,3,2,16,424.5
1550,2,1,29,351.37
1900,5,2,5,508.3
2126,3,2,16,461.46
2288,4,1,12,487.77
2883,3,2,16,573.83
1246,4,1,0,446.03
2659,3,3,39,463.31
1539,5,1,1,479.4
2018,4,1,18,453.11
980,5,1,0,419.07
2026,2,2,100,309.65
1489,4,1,31,329.16
2313,5,1,26,415.31
2784,2,2,33,498.63
1976,3,1,5,455.88
2014,4,2,11,457.16
1702,4,2,22,445.56
1488,2,3,41,335.19
2486,3,1,44,400.43
1308,3,1,67,267.31
1861,2,1,91,320.85
2323,4,2,21,528.49
2181,2,1,86,332.94
1992,3,1,55,315.88
1991,2,2,20,395.26
1869,2,1,1,485.05
2629,2,2,24,472.39
2428,5,2,5,568.95
2285,3,2,12,505.82
2245,2,2,24,421.5
2720,2,3,4,554.44
2020,4,2,13,501.45
500,2,1,14,191.51
2640,1,1,14,501.93
2004,2,3,27,397.53
3192,2,1,9,612.86
1815,4,1,12,406.53
2330,2,1,73,365.87
2980,4,1,13,604.67
1718,3,1,45,323.22
2374,3,2,2,616.18
1747,1,2,3,459.11
2730,3,2,41,443.33
2259,1,1,23,424.13
1499,4,2,36,365.27
1749,4,1,2,490.31
2034,5,3,1,591.45
2780,4,2,18,565.67
2160,4,2,100,365.16
1600,3,1,15,393.03
1229,1,1,32,272.43
3264,3,2,18,573.77
3213,4,3,1,757.97
1717,3,1,4,467.78
1756,3,2,38,379.19
1166,3,3,10,372.02
1589,3,2,10,429.63
1816,3,2,5,481.74
1408,3,2,13,368.01
1709,1,2,26,375.1
1827,4,2,8,500.72
1568,3,2,27,344.56
1935,2,1,41,341.26
1804,1,1,10,394.1
1811,3,3,12,486.76
2329,2,2,13,520.3
1941,1,2,31,379.8
1881,4,2,5,495.05
1385,2,1,34,296.0
2523,3,2,4,572.42
1345,3,1,4,416.04
2223,2,1,20,434.06
2505,2,1,13,520.93
998,3,1,24,299.71
2257,5,2,60,407.42
3045,4,3,9,625.15
2464,3,2,27,514.37
2876,3,1,27,515.7
2245,2,1,2,525.51
2270,3,2,80,366.75
989,3,2,5,376.27
2924,3,1,1,648.63
2500,5,1,40,433.28
1397,3,1,10,370.35
1462,2,1,6,405.69
1934,2,1,4,477.33
1333,5,1,11,414.66
2045,3,2,6,486.72
2997,4,3,33,468.76
1325,4,2,17,356.45
2323,3,2,37,410.35
2353,1,2,85,336.15
2450,2,1,27,434.95
2342,5,1,21,484.36
3068,2,1,28,511.14
2466,4,2,22,532.04
2134,4,2,42,394.07
1360,2,1,3,380.13
2593,3,2,7,603.01
2225,5,1,14,502.21
2116,4,1,0,543.07
1757,3,1,99,338.0
2818,2,2,2,652.37
2231,2,2,0,566.27
1672,1,2,42,310.14
1923,5,1,22,431.29
1291,3,2,16,371.53
2570,2,1,25,406.16
1536,2,2,37,336.11
2102,3,2,24,461.0
1632,4,1,8,435.1
2523,5,1,5,596.2
1073,3,2,1,372.44
